pickup_cluster,dropoff_cluster,avg_duration_by_clusterpair
0,0,319.2105263157895
0,2,869.069182389937
0,3,1697.658536585366
0,6,1268.8101265822784
0,7,892.243626062323
0,8,674.6625766871166
0,12,1124.606936416185
0,13,986.7829457364342
0,14,844.14
0,16,1560.5555555555557
0,19,468.13701657458563
0,20,1779.6666666666667
0,21,1329.18487394958
0,22,1072.8181818181818
0,24,1307.25
0,25,798.765
0,26,1578.1176470588234
0,27,1294.1066666666666
0,28,1669.5
0,30,1143.9021739130435
0,31,971.7452830188679
0,32,1770.2
0,34,1798.0
0,35,810.1541218637993
0,36,1074.0579710144928
0,38,294.6463414634146
0,39,1416.1860465116279
0,40,901.2666666666667
0,43,2089.0
0,44,913.0978260869565
0,45,612.9324324324324
0,47,922.063063063063
0,49,1338.5625
0,50,597.1661341853035
0,51,1272.3909090909092
0,53,1135.767857142857
0,54,877.9253246753246
0,57,1653.4444444444443
0,59,744.7525773195877
0,61,1198.3333333333333
0,62,296.0787207872079
0,63,438.1139705882353
0,64,1592.0
0,65,1156.4468085106382
0,66,572.5217965653896
0,67,1504.235294117647
0,68,1243.364238410596
0,69,1275.340425531915
0,70,1463.125
0,75,1624.2857142857142
0,76,379.41373801916933
0,77,935.9016393442623
0,78,1003.6208791208791
0,79,1543.4705882352941
0,80,340.285175879397
0,83,374.75237191650854
0,85,1095.876651982379
0,86,1183.203539823009
0,87,2049.0
0,88,1202.0521739130436
0,89,732.6959459459459
0,90,782.0661157024794
0,91,756.0197044334975
0,92,1242.4925373134329
0,93,554.244
0,94,477.51599147121533
0,95,1282.92
0,96,1055.8
0,97,943.1741573033707
0,98,704.9979716024341
0,99,1733.5555555555557
1,1,499.0
2,0,889.2926829268292
2,2,304.0953079178886
2,3,1635.0754716981132
2,6,1424.340425531915
2,7,1232.7522522522522
2,8,1177.774193548387
2,12,790.6636363636363
2,13,643.312101910828
2,14,1502.7058823529412
2,16,1111.1916859122402
2,19,1165.9
2,20,1647.7777777777778
2,21,576.4727272727273
2,22,726.077943615257
2,24,1496.578947368421
2,25,922.053125
2,26,1255.464705882353
2,27,964.0512422360248
2,28,1905.5
2,30,1562.4727272727273
2,31,1263.4123711340205
2,32,1602.3333333333333
2,34,1702.7142857142858
2,35,1457.8235294117646
2,36,1187.9327731092437
2,38,954.228187919463
2,39,1282.2272727272727
2,40,1240.6206896551723
2,44,1342.951388888889
2,45,1024.8285714285714
2,47,449.06075533661743
2,49,1524.590909090909
2,50,574.5426136363636
2,51,689.2668112798265
2,53,1108.2222222222222
2,54,612.78125
2,57,1399.390625
2,59,1113.4655172413793
2,61,658.2155388471178
2,62,1128.840909090909
2,63,1137.325
2,64,1637.9285714285713
2,65,432.64113597246126
2,66,1057.340425531915
2,67,1170.012658227848
2,68,753.1767857142858
2,69,927.9828571428571
2,70,1360.0
2,71,1548.0
2,75,1485.4444444444443
2,76,1045.138655462185
2,77,1492.1052631578948
2,78,1490.5066666666667
2,79,1084.8545994065282
2,80,832.3892215568862
2,83,1170.857142857143
2,85,1031.8235294117646
2,86,1199.3369565217392
2,87,1751.0
2,88,1261.982456140351
2,89,1319.31
2,90,330.8315085158151
2,91,1409.3297872340424
2,92,1511.75
2,93,1158.5298507462687
2,94,738.17578125
2,95,1546.4901960784314
2,96,1529.0454545454545
2,97,929.3716632443532
2,98,1219.1650943396226
2,99,1428.6875
3,0,1755.7619047619048
3,2,1687.767857142857
3,3,354.24301675977654
3,6,1450.5584415584415
3,7,1815.736
3,8,1613.9375
3,12,1778.7551020408164
3,13,1892.3235294117646
3,14,1917.6222222222223
3,16,1755.2403100775193
3,19,1786.0
3,21,1851.5
3,22,1630.364238410596
3,24,1710.753846153846
3,25,1741.858208955224
3,26,1914.8478260869565
3,27,1894.078947368421
3,28,1803.5
3,30,1931.4705882352941
3,31,1506.9256198347107
3,32,1349.0613496932515
3,34,1631.3755868544602
3,35,1952.1764705882354
3,36,1790.4494382022472
3,38,1787.7926829268292
3,39,1335.9883381924199
3,40,1743.6
3,41,1523.6666666666667
3,44,1940.5454545454545
3,45,1688.107438016529
3,47,1742.4404761904761
3,49,1905.1
3,50,1669.425
3,51,1888.7777777777778
3,53,1527.573033707865
3,54,1749.2577319587629
3,57,1801.632911392405
3,59,1559.2043010752689
3,61,1695.9378881987577
3,62,1856.3939393939395
3,63,1817.4871794871794
3,64,1283.1027190332327
3,65,1724.9827586206898
3,66,1806.4513274336284
3,67,1643.033962264151
3,68,1874.1081081081081
3,69,1800.1914893617022
3,70,1463.8641975308642
3,75,1797.3472222222222
3,76,1783.532258064516
3,77,1834.0392156862745
3,78,1856.5333333333333
3,79,1813.9127516778524
3,80,1778.3478260869565
3,81,1883.6666666666667
3,83,1834.3870967741937
3,85,1783.0185185185185
3,86,1848.36
3,87,1011.2838541666666
3,88,1404.9402985074628
3,89,1636.1505376344087
3,90,1766.6881720430108
3,91,1833.1724137931035
3,92,1828.7
3,93,1692.0506329113923
3,94,1665.3333333333333
3,95,1876.9642857142858
3,96,1826.607142857143
3,97,1769.6257668711658
3,98,1835.3936170212767
3,99,986.3021806853583
4,4,312.4
5,5,369.0
6,0,1448.7068965517242
6,2,1449.3263157894737
6,3,1376.4933333333333
6,6,504.3814432989691
6,7,1665.4759615384614
6,8,1117.2063492063492
6,12,1663.0388349514562
6,13,1726.5759493670887
6,14,1582.12
6,16,1567.6024096385543
6,19,1399.504424778761
6,21,1631.44
6,22,1234.3454545454545
6,24,1445.2166666666667
6,25,1542.6348314606741
6,26,1606.402985074627
6,27,1795.05
6,28,1648.8709677419354
6,30,1577.453488372093
6,31,778.7142857142857
6,32,1380.127659574468
6,34,1846.0
6,35,1714.9134615384614
6,36,1624.0982142857142
6,38,1359.0920245398772
6,39,990.390243902439
6,40,1269.8541666666667
6,41,1723.857142857143
6,43,1895.0
6,44,1785.5
6,45,1303.5986842105262
6,47,1571.919191919192
6,49,1550.7551020408164
6,50,1354.3372781065088
6,51,1704.75
6,53,837.8091603053435
6,54,1518.014184397163
6,57,1744.4193548387098
6,59,1004.625
6,61,1319.2753623188405
6,62,1496.936507936508
6,63,1675.9850746268658
6,64,1647.0666666666666
6,65,1571.9666666666667
6,66,1615.9130434782608
6,67,1474.576923076923
6,68,1684.1206896551723
6,69,1395.4052287581699
6,70,964.2214285714285
6,71,1881.0
6,75,1720.8
6,76,1252.8615384615384
6,77,1360.3086419753085
6,78,1542.1458333333333
6,79,1557.4257425742574
6,80,1539.1180124223602
6,83,1502.376811594203
6,85,1644.391304347826
6,86,1725.5555555555557
6,87,1413.642857142857
6,88,434.5211267605634
6,89,937.5657894736842
6,90,1483.186274509804
6,91,1684.8285714285714
6,92,1427.1358024691358
6,93,1256.9478260869564
6,94,1462.1479591836735
6,95,1459.047619047619
6,96,1388.9259259259259
6,97,1590.6898395721926
6,98,1680.5947136563877
6,99,1298.3939393939395
7,0,763.2591687041564
7,2,1270.2473498233217
7,3,1787.5412844036698
7,6,1650.6877828054298
7,7,392.7494866529774
7,8,1021.6722689075631
7,12,684.8489932885906
7,13,1373.051993067591
7,14,722.4642262895175
7,16,1707.1714285714286
7,19,895.2286995515695
7,20,1755.9302325581396
7,21,1119.4419889502763
7,22,1555.1587301587301
7,24,1635.3846153846155
7,25,487.60703205791106
7,26,1702.0192307692307
7,27,806.7156626506024
7,28,1748.0625
7,30,999.0436363636363
7,31,1347.5733333333333
7,32,1685.0
7,34,1958.1666666666667
7,35,615.504391468005
7,36,478.36563876651985
7,38,874.6461232604373
7,39,1558.4310344827586
7,40,1285.6635514018692
7,44,430.224171539961
7,45,1062.8958333333333
7,47,963.3498920086394
7,49,1395.5833333333333
7,50,735.4391447368421
7,51,869.4593128390596
7,53,1442.7788461538462
7,54,788.5219683655536
7,57,1793.2916666666667
7,59,1067.6308724832215
7,60,804.0
7,61,1546.0786516853932
7,62,730.4323040380048
7,63,574.3180515759312
7,64,1857.0
7,65,1266.6743002544529
7,66,471.3096828046745
7,67,1636.6190476190477
7,68,1301.331569664903
7,69,1476.6147540983607
7,70,1666.6
7,71,1627.3333333333333
7,75,1848.75
7,76,954.875
7,77,1099.46783625731
7,78,848.5839416058394
7,79,1685.0338983050847
7,80,614.2877604166666
7,83,825.3089887640449
7,84,1695.0
7,85,523.6731620903454
7,86,538.8186900958466
7,87,1604.0
7,88,1558.958762886598
7,89,1111.7411764705882
7,90,1032.967105263158
7,91,507.8531781557744
7,92,1186.6797752808989
7,93,920.7818181818182
7,94,626.7073509015256
7,95,1119.1166666666666
7,96,1344.02
7,97,583.1391304347826
7,98,369.9511297950604
7,99,1682.5333333333333
8,0,894.953488372093
8,2,1215.4444444444443
8,3,1571.4705882352941
8,6,1010.6333333333333
8,7,1293.6315789473683
8,8,282.3757575757576
8,12,1441.5
8,13,1250.2941176470588
8,14,869.4142857142857
8,16,1743.0
8,19,515.5822784810126
8,21,1442.6666666666667
8,22,1748.5
8,24,1058.3191489361702
8,25,1292.157894736842
8,26,1823.0
8,27,1611.4
8,28,1304.1538461538462
8,30,687.9867549668874
8,31,768.1578947368421
8,34,1510.0
8,35,1069.6666666666667
8,36,1297.6666666666667
8,38,712.0901639344262
8,39,915.0
8,40,492.1032863849765
8,43,2078.0
8,44,1308.1052631578948
8,45,1136.6666666666667
8,47,1124.8947368421052
8,49,1007.375
8,50,1153.3714285714286
8,51,1817.75
8,53,1002.1666666666666
8,54,1301.9642857142858
8,57,1925.0
8,59,1540.0
8,61,1650.5
8,62,846.6896551724138
8,63,902.921052631579
8,65,1112.0
8,66,1120.3793103448277
8,67,1825.8
8,68,1271.875
8,69,1582.125
8,70,1229.4
8,75,1694.5
8,76,530.9409090909091
8,77,415.79910714285717
8,78,747.8850574712644
8,79,1651.0
8,80,930.918918918919
8,83,779.0769230769231
8,85,1131.2083333333333
8,86,1326.4375
8,87,1752.0
8,88,890.6285714285714
8,89,819.2222222222222
8,90,1108.1
8,91,1148.92
8,92,1011.5272727272727
8,93,350.80059523809524
8,94,1049.9444444444443
8,95,786.2058823529412
8,96,771.9103448275862
8,97,1248.68
8,98,1039.5714285714287
8,99,912.0
9,9,632.0
10,10,317.0
10,11,611.0
11,11,445.0
12,0,1063.2829268292683
12,2,925.7417721518988
12,3,1714.03125
12,6,1569.0923076923077
12,7,661.2497695852535
12,8,1324.4
12,12,277.3572496263079
12,13,1022.3005893909627
12,14,1197.1291866028707
12,16,1587.1698113207547
12,19,1275.775147928994
12,20,1700.225806451613
12,21,556.5435540069686
12,22,1464.1818181818182
12,24,1637.5333333333333
12,25,665.7918215613383
12,26,1571.8235294117646
12,27,394.84247076023394
12,28,1752.6666666666667
12,30,1275.7326732673268
12,31,1542.72131147541
12,32,2035.0
12,34,1892.1
12,35,1061.4758364312268
12,36,669.8420533070089
12,38,1172.7116104868915
12,39,1602.6052631578948
12,40,1519.3488372093022
12,44,839.6851851851852
12,45,1238.516129032258
12,47,448.35785288270375
12,49,1562.2439024390244
12,50,576.7473021582733
12,51,365.976897689769
12,53,1453.425
12,54,399.616211745244
12,57,1621.5333333333333
12,59,1376.1162790697674
12,61,1424.5890410958905
12,62,1235.8383233532934
12,63,1067.158256880734
12,64,1820.2
12,65,743.5703125
12,66,846.1971326164875
12,67,1689.1
12,68,755.1291759465479
12,69,1312.8365384615386
12,70,1777.2
12,71,1445.0
12,75,1690.4074074074074
12,76,1238.9779005524863
12,77,1417.725
12,78,1248.7539682539682
12,79,1466.867469879518
12,80,962.4754601226994
12,83,1236.8728323699422
12,85,431.2178051511758
12,86,729.8286082474227
12,87,1752.0
12,88,1490.1176470588234
12,89,1362.3970588235295
12,90,615.105445116681
12,91,1002.2517006802722
12,92,1407.0217391304348
12,93,1244.7674418604652
12,94,826.8139059304704
12,95,1356.6777777777777
12,96,1523.08
12,97,470.59268443893365
12,98,802.018337408313
12,99,1687.4545454545455
13,0,1092.9148936170213
13,2,661.4398009950248
13,3,1794.0961538461538
13,6,1637.5454545454545
13,7,1364.9
13,8,1311.3846153846155
13,12,1021.4595238095238
13,13,349.8008474576271
13,14,1556.7613636363637
13,16,1358.107594936709
13,19,1331.8817204301076
13,20,1739.2307692307693
13,21,686.4252747252747
13,22,1194.1140350877192
13,24,1675.5555555555557
13,25,1121.6673913043478
13,26,1091.0817307692307
13,27,928.1095505617977
13,30,1587.2
13,31,1558.5833333333333
13,32,1962.0
13,34,1595.1290322580646
13,35,1559.2727272727273
13,36,1377.9495548961424
13,38,1141.8302752293578
13,39,1586.2391304347825
13,40,1306.6538461538462
13,44,1387.6531791907514
13,45,1292.08
13,47,979.4529616724739
13,49,1706.5882352941176
13,50,949.5598290598291
13,51,778.6390243902439
13,53,1460.0238095238096
13,54,1103.969773299748
13,57,1288.1311475409836
13,59,1523.9259259259259
13,61,1152.8031914893618
13,62,1302.485294117647
13,63,1412.578431372549
13,64,1867.0
13,65,700.8560794044665
13,66,1281.2828282828282
13,67,1481.35
13,68,484.13799076212473
13,69,802.2205882352941
13,70,1944.857142857143
13,71,1953.0
13,75,1291.29
13,76,1195.1521739130435
13,77,1579.6296296296296
13,78,1565.0816326530612
13,79,1165.628205128205
13,80,1048.5031446540881
13,83,1381.439024390244
13,85,1187.0016611295682
13,86,1196.6159420289855
13,88,1569.7382550335572
13,89,1523.325
13,90,831.0107719928187
13,91,1424.2
13,92,1617.9310344827586
13,93,1311.060975609756
13,94,999.9715447154472
13,95,1631.904761904762
13,96,1504.5333333333333
13,97,1227.4713656387664
13,98,1447.8135593220338
13,99,1782.4444444444443
14,0,1042.2932692307693
14,2,1481.5569620253164
14,3,1873.3636363636363
14,6,1546.159420289855
14,7,857.2819383259912
14,8,854.4747081712062
14,12,1301.5942028985507
14,13,1569.923076923077
14,14,250.0422077922078
14,16,1666.6666666666667
14,19,521.0171526586621
14,20,1874.857142857143
14,21,1436.784090909091
14,22,1687.923076923077
14,24,1252.142857142857
14,25,1129.2025862068965
14,26,1977.5555555555557
14,27,1063.7460317460318
14,28,1477.0
14,30,382.11764705882354
14,31,1460.142857142857
14,35,276.46086105675147
14,36,879.8873626373627
14,38,815.1915641476274
14,39,1865.25
14,40,892.7338129496403
14,44,611.3123772102161
14,45,1349.4761904761904
14,47,1490.1923076923076
14,49,1113.0652173913043
14,50,1312.8688524590164
14,51,1304.1880341880342
14,53,1629.391304347826
14,54,1324.3695652173913
14,57,1813.0
14,59,1502.125
14,61,1707.7142857142858
14,62,738.6046511627907
14,63,897.6104100946372
14,65,1554.4516129032259
14,66,1014.8141025641025
14,67,1746.5
14,68,1410.7074829931973
14,69,1796.5625
14,70,1597.0
14,71,1592.0
14,76,703.7837837837837
14,77,615.095
14,78,270.8697916666667
14,79,1896.5833333333333
14,80,1098.3140096618358
14,83,501.7286995515695
14,85,1070.0756756756757
14,86,792.422131147541
14,88,1467.8351648351647
14,89,1401.5185185185185
14,90,1370.1129032258063
14,91,425.41397288842546
14,92,909.3383685800604
14,93,599.5656565656566
14,94,1205.951388888889
14,95,724.0242914979757
14,96,1267.1025641025642
14,97,1250.2222222222222
14,98,696.607476635514
14,99,1832.0
15,97,792.0
16,2,1138.7857142857142
16,3,1592.5
16,6,1452.0
16,7,1656.0
16,8,1970.0
16,12,1322.0
16,13,1516.857142857143
16,16,358.86816720257235
16,21,1225.888888888889
16,22,685.3962264150944
16,26,929.1785714285714
16,27,1625.6666666666667
16,30,2061.0
16,31,1473.4
16,34,1348.6666666666667
16,36,1978.0
16,39,1178.75
16,45,849.0
16,47,1165.6
16,50,979.0
16,51,1451.875
16,53,1151.6666666666667
16,54,1380.0
16,57,714.2714285714286
16,59,1412.6666666666667
16,61,590.3943661971831
16,63,1668.5
16,64,952.0363636363636
16,65,916.1666666666666
16,66,1629.0
16,67,596.948275862069
16,68,1526.5
16,69,825.88
16,75,1643.0
16,77,2029.0
16,78,1498.0
16,79,512.034188034188
16,86,1531.6666666666667
16,87,1850.6666666666667
16,88,1595.0
16,89,1382.6666666666667
16,90,1367.0
16,92,1905.0
16,93,1684.0
16,94,2022.0
16,96,1803.0
16,97,1571.0
16,98,1778.5
16,99,1405.25
17,17,961.0
18,18,329.0
19,0,719.8238434163701
19,2,1156.7764705882353
19,3,1729.1272727272728
19,6,1237.7948717948718
19,7,1139.1436170212767
19,8,437.7278562259307
19,12,1431.1203703703704
19,13,1311.2846153846153
19,14,479.71796707229777
19,16,1703.0
19,19,248.975404075896
19,20,1893.5
19,21,1606.8863636363637
19,22,1439.0
19,24,1317.0689655172414
19,25,1107.0116618075801
19,26,1802.125
19,27,1472.1632653061224
19,28,1262.2222222222222
19,30,712.3333333333334
19,31,1325.225
19,35,638.0341981132076
19,36,1312.0764705882352
19,38,492.60622837370244
19,39,1524.25
19,40,808.0
19,44,1047.2688679245282
19,45,1113.5454545454545
19,47,1378.888888888889
19,49,1340.3962264150944
19,50,1038.3369565217392
19,51,1557.6818181818182
19,53,1583.125
19,54,1271.3977900552486
19,57,1934.0
19,59,1324.7272727272727
19,61,1586.6315789473683
19,62,506.5193434935522
19,63,779.5413533834586
19,65,1487.6969696969697
19,66,959.7747196738022
19,67,1716.6666666666667
19,68,1492.9516129032259
19,69,1521.642857142857
19,70,1531.8333333333333
19,75,1791.0
19,76,331.8780487804878
19,77,582.4538745387454
19,78,538.6597307221542
19,79,1602.5833333333333
19,80,889.3636363636364
19,83,318.32814778804084
19,85,1261.3461538461538
19,86,1242.6179775280898
19,88,1143.2018348623853
19,89,1281.75
19,90,1175.0238095238096
19,91,809.1205962059621
19,92,1194.4761904761904
19,93,252.0821325648415
19,94,977.4375
19,95,1061.7558139534883
19,96,1018.2539682539683
19,97,1302.5321888412018
19,98,960.1781076066791
19,99,1554.4
20,7,1311.0
20,19,899.0
20,20,225.4
20,65,525.0
21,0,1272.939393939394
21,2,672.3635427394439
21,3,1753.0
21,6,1591.5555555555557
21,7,1001.8253676470588
21,8,1480.103448275862
21,12,499.7088388214905
21,13,661.5813692480359
21,14,1334.4102564102564
21,16,1353.6975308641975
21,19,1473.8867924528302
21,20,1529.3777777777777
21,21,302.2668776371308
21,22,1111.132183908046
21,24,1675.2
21,25,1018.4635193133047
21,26,1248.765100671141
21,27,590.4546742209632
21,28,1845.0
21,30,1508.5964912280701
21,31,1508.3617021276596
21,34,1715.5384615384614
21,35,1259.3617021276596
21,36,969.9896907216495
21,38,1399.9481481481482
21,39,1561.7
21,40,1595.8620689655172
21,44,1105.6483516483515
21,45,1415.78
21,47,489.27894257064725
21,49,1666.1764705882354
21,50,874.218818380744
21,51,343.21674544226875
21,53,1387.0857142857142
21,54,713.4493865030674
21,57,1369.875
21,59,1311.608695652174
21,61,1116.9632352941176
21,62,1392.6951219512196
21,63,1342.0663265306123
21,64,1707.25
21,65,436.7229938271605
21,66,1177.4856230031949
21,67,1471.225
21,68,428.02625820568926
21,69,961.870253164557
21,70,1838.0
21,75,1357.4411764705883
21,76,1417.045112781955
21,77,1579.6842105263158
21,78,1338.7444444444445
21,79,1157.229074889868
21,80,1193.260606060606
21,83,1364.2716049382716
21,85,769.9788293897883
21,86,913.8173374613003
21,88,1562.3728813559321
21,89,1544.7179487179487
21,90,715.1555555555556
21,91,1251.4055944055945
21,92,1601.7551020408164
21,93,1483.945945945946
21,94,1067.964757709251
21,95,1482.4255319148936
21,96,1697.0
21,97,860.981220657277
21,98,1152.8404761904762
21,99,1799.8
22,0,1060.3333333333333
22,2,792.5538461538462
22,3,1700.25
22,6,1071.1818181818182
22,7,488.0
22,8,1046.0
22,12,1497.7777777777778
22,13,1062.5714285714287
22,14,1404.3333333333333
22,16,695.320987654321
22,19,1310.0
22,21,1083.3333333333333
22,22,336.078125
22,24,1638.0
22,25,1055.0
22,26,1075.75
22,27,1600.2857142857142
22,30,1786.3333333333333
22,31,1062.0
22,32,2033.0
22,34,1591.0
22,35,1489.5
22,36,1483.0
22,38,1200.5
22,39,1083.0
22,40,1413.6666666666667
22,44,1820.75
22,45,566.1481481481482
22,47,1193.7222222222222
22,49,1828.0
22,50,1070.6666666666667
22,51,1297.8235294117646
22,53,1053.235294117647
22,54,1381.142857142857
22,57,1306.8947368421052
22,59,785.3181818181819
22,61,407.1792452830189
22,62,1529.0
22,63,1420.8
22,64,1360.5
22,65,903.8918918918919
22,66,1563.5
22,67,621.2
22,68,1287.6
22,69,750.5
22,70,1068.0
22,75,948.4
22,76,1307.0
22,77,1521.5
22,78,1664.0
22,79,872.0394736842105
22,80,1081.3333333333333
22,83,1790.0
22,85,1366.6
22,86,1356.0
22,87,1654.5
22,88,918.5714285714286
22,89,1032.6538461538462
22,90,826.1333333333333
22,91,1708.0
22,92,1626.25
22,93,1329.0
22,94,1444.2
22,96,1520.0
22,97,1360.0
22,98,1623.6
22,99,1370.3333333333333
23,42,1131.0
24,2,1865.0
24,6,1073.0
24,7,1579.0
24,8,995.25
24,19,996.0
24,24,458.48
24,27,1986.5
24,28,955.5
24,30,1645.0
24,31,698.0
24,40,1076.0
24,49,812.3636363636364
24,64,1860.0
24,86,1854.0
24,88,909.0
24,92,1179.3333333333333
24,94,1247.0
24,95,1536.0
24,96,837.0769230769231
25,0,689.7915690866511
25,2,1004.0714285714286
25,3,1659.178861788618
25,6,1480.5876288659795
25,7,558.7885375494071
25,8,1016.2794117647059
25,12,581.5388349514564
25,13,1170.2613636363637
25,14,1010.6448275862069
25,16,1697.1
25,19,880.7940552016985
25,20,1779.4347826086957
25,21,1051.6981566820277
25,22,1349.232142857143
25,24,1667.7241379310344
25,25,326.9885433715221
25,26,1624.7924528301887
25,27,866.1143867924528
25,28,1731.5
25,30,1276.629213483146
25,31,1396.709090909091
25,32,1765.0
25,34,1753.6
25,35,1008.3901639344263
25,36,559.58953722334
25,38,853.4523076923077
25,39,1433.96
25,40,1202.2926829268292
25,43,2040.0
25,44,837.7123287671233
25,45,920.1071428571429
25,47,686.5937888198757
25,49,1569.2592592592594
25,50,420.86048780487806
25,51,846.01062215478
25,53,1491.5714285714287
25,54,423.9393548387097
25,57,1686.388888888889
25,59,1162.5633802816901
25,61,1410.448717948718
25,62,707.9723404255319
25,63,541.8847845206684
25,64,1754.3333333333333
25,65,1031.1660649819494
25,66,411.7465156794425
25,67,1580.5185185185185
25,68,1237.4320388349515
25,69,1428.689393939394
25,70,1556.375
25,71,1464.0
25,75,1753.7
25,76,913.4491315136477
25,77,1153.4262295081967
25,78,1154.3103448275863
25,79,1569.736111111111
25,80,530.7111398963731
25,83,831.6043737574553
25,85,587.0543318649045
25,86,762.8899721448468
25,87,1559.0
25,88,1366.428057553957
25,89,1106.8507462686566
25,90,724.4963503649635
25,91,924.3143507972666
25,92,1425.235294117647
25,93,930.011320754717
25,94,378.5063063063063
25,95,1448.8
25,96,1551.9
25,97,385.18811234487265
25,98,682.9405864197531
25,99,1606.2631578947369
26,0,1485.0
26,2,1037.8823529411766
26,3,1673.0
26,6,1638.5
26,7,1762.5555555555557
26,8,1169.0
26,12,1304.0
26,13,944.9777777777778
26,14,1983.0
26,16,923.8441558441558
26,19,1544.0
26,20,1902.5
26,21,1288.0526315789473
26,22,952.0
26,25,1686.625
26,26,361.7821522309711
26,27,1263.4166666666667
26,31,1666.0
26,34,1113.8125
26,35,1253.0
26,36,1446.6
26,38,1293.2
26,39,1497.0
26,44,1464.6666666666667
26,45,1125.3333333333333
26,47,1445.3333333333333
26,49,1899.5
26,50,1392.4285714285713
26,51,1322.6666666666667
26,53,1358.0
26,54,1616.8181818181818
26,57,737.4651162790698
26,59,1328.25
26,61,1070.357142857143
26,62,1748.0
26,63,1530.2222222222222
26,64,1348.7777777777778
26,65,1088.9411764705883
26,66,1525.0
26,67,1459.24
26,68,992.952380952381
26,69,539.7902621722847
26,70,1295.0
26,75,812.0769230769231
26,76,1720.0
26,79,526.3598130841121
26,80,1582.2857142857142
26,85,1443.75
26,86,1570.25
26,88,1661.4
26,89,1693.0
26,90,1245.7142857142858
26,91,1540.0
26,92,1675.0
26,93,1653.5
26,94,1605.6666666666667
26,95,1967.6666666666667
26,96,1388.0
26,97,1599.142857142857
26,98,1708.8
27,0,1172.5631067961165
27,2,1080.5654834761322
27,3,1805.857142857143
27,6,1691.5897435897436
27,7,789.8432122370937
27,8,1365.72
27,12,386.11384466956105
27,13,918.427293064877
27,14,995.9085365853658
27,16,1637.266129032258
27,19,1328.4532019704434
27,20,1666.7714285714285
27,21,645.9161512027491
27,22,1473.8070175438597
27,24,1740.0
27,25,877.470715835141
27,26,1478.942857142857
27,27,298.2117512399847
27,28,1958.3333333333333
27,30,1142.9597701149426
27,31,1616.7460317460318
27,32,1700.0
27,34,1867.55
27,35,916.8896396396397
27,36,606.3031203566122
27,38,1325.7716535433071
27,39,1702.4583333333333
27,40,1454.5384615384614
27,44,608.177009155646
27,45,1266.375
27,47,655.9819518716578
27,49,1524.6792452830189
27,50,781.7980636237897
27,51,421.0503007107709
27,53,1578.75
27,54,576.548018292683
27,57,1585.8939393939395
27,59,1499.709090909091
27,61,1439.0625
27,62,1217.1361256544503
27,63,1142.7664543524415
27,64,1841.25
27,65,895.7977430555555
27,66,1043.4679054054054
27,67,1715.3648648648648
27,68,702.1631259484067
27,69,1324.0664206642066
27,70,1609.1666666666667
27,71,1707.4
27,75,1537.787234042553
27,76,1299.6182795698924
27,77,1270.6478873239437
27,78,1050.9615384615386
27,79,1498.1575757575758
27,80,1132.2096774193549
27,83,1298.8793103448277
27,85,397.14585115483317
27,86,480.38952536824877
27,87,1832.0
27,88,1662.4074074074074
27,89,1476.1728395061727
27,90,816.6125907990315
27,91,800.810546875
27,92,1303.7016129032259
27,93,1278.5421686746988
27,94,975.4185463659148
27,95,1249.4596774193549
27,96,1576.1052631578948
27,97,649.9895209580839
27,98,875.1835317460317
27,99,1807.3333333333333
28,24,950.6666666666666
28,28,122.40625
28,49,770.4
28,95,1633.0
28,96,964.5
29,29,782.0
30,0,1249.8333333333333
30,2,1646.4666666666667
30,3,1872.6190476190477
30,6,1474.7441860465117
30,7,1193.9529411764706
30,8,712.2740963855422
30,12,1406.8301886792453
30,13,1655.5833333333333
30,14,446.45022624434387
30,19,746.86328125
30,20,1812.0
30,21,1503.3103448275863
30,22,1671.0
30,24,1175.0
30,25,1392.9166666666667
30,26,2049.0
30,27,1221.2674418604652
30,28,1789.0
30,30,248.3950103950104
30,31,1488.5294117647059
30,35,585.7472353870459
30,36,1096.4851485148515
30,38,1125.3090909090909
30,39,1532.6666666666667
30,40,673.8062827225131
30,44,865.5
30,45,1518.25
30,47,1494.3703703703704
30,49,1041.8101265822784
30,50,1481.5675675675675
30,51,1480.3260869565217
30,53,1868.8333333333333
30,54,1427.0454545454545
30,57,1821.0
30,59,1503.2857142857142
30,61,1924.5
30,62,1123.1832061068703
30,63,1216.5182926829268
30,65,1742.0
30,66,1271.8909090909092
30,68,1560.6538461538462
30,69,1886.75
30,70,1319.0
30,76,988.5241379310345
30,77,402.5311418685121
30,78,303.592082616179
30,80,1395.1764705882354
30,83,847.1808510638298
30,85,1253.5732484076434
30,86,987.7920792079208
30,88,1480.402985074627
30,89,1381.5
30,90,1581.25
30,91,777.9216216216216
30,92,832.7007575757576
30,93,660.1757925072046
30,94,1399.3902439024391
30,95,467.6396866840731
30,96,1272.0
30,97,1402.5
30,98,1045.3923444976076
30,99,1932.0
31,0,830.6
31,2,1423.0
31,3,1346.3333333333333
31,6,758.8620689655172
31,7,1398.875
31,8,712.08
31,12,1618.6666666666667
31,13,1231.0
31,14,1470.0
31,16,1415.75
31,19,913.25
31,21,1343.0
31,22,1122.0
31,24,1322.5
31,25,974.1666666666666
31,26,1396.0
31,27,1827.5
31,28,1224.0
31,30,1297.0
31,31,292.5658747300216
31,35,1611.6666666666667
31,36,1401.5
31,38,1201.157894736842
31,39,1029.590909090909
31,40,973.8571428571429
31,43,1742.0
31,44,1275.8
31,45,775.4230769230769
31,47,1295.4285714285713
31,49,1642.6666666666667
31,50,1087.2
31,51,1289.0
31,53,625.0792079207921
31,54,1508.75
31,57,1610.5
31,59,552.2941176470588
31,61,1148.2727272727273
31,62,1142.0
31,63,1028.5555555555557
31,64,1417.0
31,66,1304.2222222222222
31,67,1284.0833333333333
31,68,1159.0
31,69,1386.75
31,70,1032.3636363636363
31,75,2084.0
31,76,945.1
31,77,1096.875
31,78,1328.0
31,79,1226.5
31,80,791.1428571428571
31,83,1184.0
31,85,1609.3333333333333
31,86,890.5
31,87,1245.0
31,88,436.5111111111111
31,89,389.86497890295357
31,90,1435.4
31,91,1379.6666666666667
31,92,758.75
31,93,1160.0833333333333
31,94,1036.4545454545455
31,95,1180.6
31,96,900.0714285714286
31,97,1410.125
31,98,1315.0
31,99,1203.3333333333333
32,28,1212.0
32,32,297.65384615384613
32,41,1602.0
32,70,913.0
32,87,663.5
32,89,1727.0
33,33,674.0
34,6,1272.0
34,13,926.0
34,26,1479.0
34,34,380.9756097560976
34,47,1952.0
34,57,772.0833333333334
34,64,948.2
34,67,1743.0
34,75,637.2
34,79,1426.0
35,0,920.8829431438127
35,2,1524.0754716981132
35,3,1950.92
35,6,1657.4561403508771
35,7,754.1970260223048
35,8,1012.828729281768
35,12,1195.6950354609928
35,13,1544.5735294117646
35,14,276.3597178683386
35,16,1927.0
35,19,705.1116751269036
35,20,1863.0
35,21,1389.148148148148
35,22,1702.888888888889
35,24,1440.0
35,25,1016.987915407855
35,26,1749.1818181818182
35,27,1022.9471830985915
35,28,1692.2
35,30,532.2931415929204
35,31,1511.7714285714285
35,35,247.70290456431536
35,36,789.6247240618102
35,38,848.1750433275563
35,39,1840.0
35,40,1055.795918367347
35,44,487.70971563981044
35,45,1283.7307692307693
35,47,1387.201754385965
35,49,1073.6588235294118
35,50,1281.3266666666666
35,51,1286.69375
35,53,1673.3636363636363
35,54,1292.4322580645162
35,57,2082.0
35,59,1432.6842105263158
35,61,1680.5
35,62,736.1021897810219
35,63,744.8242924528302
35,65,1590.6379310344828
35,66,879.8976234003657
35,67,1858.3333333333333
35,68,1387.2465753424658
35,69,1732.3846153846155
35,75,2017.0
35,76,838.51244813278
35,77,726.2423208191126
35,78,388.3429228998849
35,79,1782.2
35,80,1021.781746031746
35,83,595.5487661574618
35,85,1000.1898148148148
35,86,706.93125
35,88,1518.3247863247864
35,89,1377.9285714285713
35,90,1352.2608695652175
35,91,306.35045173561576
35,92,885.6732283464567
35,93,759.2535545023696
35,94,1109.8563829787233
35,95,823.359375
35,96,1439.4827586206898
35,97,1190.7606837606838
35,98,548.9570552147239
35,99,1955.5
36,0,935.7375415282391
36,2,1274.7604166666667
36,3,1866.709090909091
36,6,1600.9529411764706
36,7,346.81765972720746
36,8,1190.8790322580646
36,12,516.7232346241458
36,13,1297.5390625
36,14,753.3154205607476
36,16,1708.44
36,19,1024.9505300353358
36,20,1612.5087719298247
36,21,956.4205607476636
36,22,1514.842105263158
36,24,1578.1333333333334
36,25,475.93174603174606
36,26,1707.3333333333333
36,27,483.7718120805369
36,28,1759.4166666666667
36,30,955.3009708737864
36,31,1411.9908256880733
36,32,1865.5
36,34,1629.0
36,35,652.0995260663507
36,36,312.70925110132157
36,38,1049.7728337236533
36,39,1611.675
36,40,1278.1652173913044
36,44,400.9580487804878
36,45,1188.9354838709678
36,47,917.4896030245746
36,49,1311.860655737705
36,50,752.5610795454545
36,51,675.9633286318759
36,53,1514.3376623376623
36,54,739.3604488078541
36,57,1795.375
36,58,303.0
36,59,1280.9024390243903
36,61,1478.0235294117647
36,62,910.0874125874126
36,63,708.2164948453608
36,64,1928.5
36,65,1218.819306930693
36,66,550.2930452397029
36,67,1772.840909090909
36,68,1142.6646706586826
36,69,1482.857142857143
36,70,1701.2666666666667
36,71,1556.3333333333333
36,75,1737.5
36,76,1094.7980132450332
36,77,1111.8736263736264
36,78,832.1326530612245
36,79,1657.0379746835442
36,80,778.9900398406375
36,83,975.5029239766081
36,84,1831.0
36,85,383.9553039332539
36,86,377.9951590594744
36,87,1927.0
36,88,1572.4804469273743
36,89,1294.5901639344263
36,90,1007.0969267139479
36,91,521.5631868131868
36,92,1149.9958333333334
36,93,1083.4234234234234
36,94,669.9135220125786
36,95,1088.464705882353
36,96,1403.3
36,97,531.1132231404958
36,98,400.61084781463927
36,99,1793.0
38,0,390.89405052974735
38,2,907.4935622317597
38,3,1764.3962264150944
38,6,1250.177570093458
38,7,1046.4261501210653
38,8,646.4201474201474
38,12,1236.229268292683
38,13,1049.3210227272727
38,14,761.7929203539823
38,16,1708.25
38,19,405.5565642458101
38,20,1731.0
38,21,1368.5652173913043
38,22,1306.945945945946
38,24,1380.5625
38,25,992.47983014862
38,26,1647.0740740740741
38,27,1409.9251700680272
38,28,1425.8
38,30,1067.8275862068965
38,31,1183.4434782608696
38,32,1700.0
38,34,1689.0
38,35,774.5114822546973
38,36,1232.9435215946844
38,38,288.55
38,39,1556.4285714285713
38,40,979.328125
38,44,1042.7603686635944
38,45,887.7692307692307
38,47,1076.937728937729
38,49,1251.8478260869565
38,50,692.1424100156495
38,51,1392.2569832402235
38,53,1363.6575342465753
38,54,1013.4
38,57,1753.5555555555557
38,59,1012.3516483516484
38,61,1380.9444444444443
38,62,381.74763948497855
38,63,641.1709276844412
38,65,1234.096590909091
38,66,816.8772112382934
38,67,1605.5
38,68,1272.8490566037735
38,69,1391.1979166666667
38,70,1541.875
38,75,1725.7
38,76,251.59706546275396
38,77,936.6086956521739
38,78,900.3630136986301
38,79,1554.5945945945946
38,80,540.4984
38,83,361.5817051509769
38,85,1237.891846921797
38,86,1209.4622641509434
38,87,1722.0
38,88,1133.607476635514
38,89,949.0344827586207
38,90,841.9595015576324
38,91,843.0804387568555
38,92,1266.6160714285713
38,93,494.6322222222222
38,94,691.2210526315789
38,95,1239.7962962962963
38,96,951.7962962962963
38,97,1128.0095693779904
38,98,915.3060109289618
38,99,1723.5
39,0,1470.0
39,2,1126.0
39,3,1307.2777777777778
39,6,698.9230769230769
39,7,1706.3333333333333
39,12,1137.0
39,13,1425.0
39,21,2007.5
39,22,1164.0
39,24,1892.0
39,25,1277.8
39,26,1047.0
39,31,1054.25
39,32,1208.3333333333333
39,35,1909.5
39,36,1783.0
39,38,1367.25
39,39,373.75342465753425
39,40,943.0
39,44,1726.0
39,45,1052.0
39,47,950.0
39,49,999.0
39,50,1357.2
39,51,1472.0
39,53,572.0512820512821
39,54,1228.5
39,59,870.5625
39,61,802.0
39,62,1572.0
39,63,1189.0
39,64,1395.2
39,66,1325.0
39,67,1444.25
39,68,1649.75
39,70,762.25
39,76,869.0
39,77,1703.0
39,79,1826.5
39,80,1331.5
39,83,1000.0
39,85,1292.8333333333333
39,86,1469.0
39,88,801.5714285714286
39,89,1332.8
39,90,1371.0
39,93,1590.4
39,94,1099.1818181818182
39,95,1613.0
39,96,1954.0
39,97,2014.0
39,98,1617.5
39,99,644.3870967741935
40,0,983.25
40,2,1140.7142857142858
40,3,1710.1
40,6,991.0
40,7,1426.3333333333333
40,8,456.65968586387436
40,13,1342.3333333333333
40,14,872.5882352941177
40,19,825.8823529411765
40,21,1609.0
40,24,880.6666666666666
40,25,1131.0
40,27,1463.0
40,28,1212.0
40,30,603.6428571428571
40,31,925.0
40,35,1219.4166666666667
40,36,1515.2222222222222
40,38,1104.6153846153845
40,39,1237.0
40,40,255.86764705882354
40,44,1152.6153846153845
40,45,1219.5
40,47,1368.5
40,49,915.7428571428571
40,50,1210.0
40,51,1902.0
40,53,1585.0
40,54,999.3333333333334
40,61,1877.0
40,62,1207.6666666666667
40,63,925.2857142857143
40,65,1095.0
40,66,1192.4545454545455
40,67,2010.0
40,68,1569.6666666666667
40,69,1580.0
40,75,1945.0
40,76,937.7727272727273
40,77,349.109375
40,78,799.6923076923077
40,79,1980.0
40,80,1253.6
40,83,895.0
40,85,1369.1666666666667
40,86,1159.7142857142858
40,87,1472.0
40,88,905.2727272727273
40,89,1153.25
40,90,1325.5
40,91,1211.1666666666667
40,92,688.375
40,93,710.7164179104477
40,94,683.0
40,95,453.2391304347826
40,96,561.8125
40,97,1352.0
40,98,1095.5
40,99,1998.0
41,41,197.54285714285714
43,43,72.21212121212122
44,0,842.6474358974359
44,2,1401.9259259259259
44,3,1786.2857142857142
44,6,1717.0697674418604
44,7,446.04330175913395
44,8,1089.8144329896907
44,12,815.3920187793427
44,13,1374.735294117647
44,14,512.5583941605839
44,16,1802.0625
44,19,957.64
44,20,1592.875
44,21,1155.3636363636363
44,22,1565.5263157894738
44,24,1407.4761904761904
44,25,790.9648351648351
44,26,1676.125
44,27,647.878132118451
44,28,1601.5
44,30,709.7368421052631
44,31,1381.057142857143
44,32,1859.0
44,34,1849.6666666666667
44,35,377.3365517241379
44,36,429.13613613613614
44,38,950.1135371179039
44,39,1666.3333333333333
44,40,1138.4859813084113
44,44,284.6245110821382
44,45,1190.4583333333333
44,47,1170.8274336283187
44,49,1080.020618556701
44,50,988.9954751131222
44,51,945.0792349726776
44,53,1598.1515151515152
44,54,990.6837209302325
44,57,1706.2
44,59,1214.7441860465117
44,61,1579.4358974358975
44,62,776.4651162790698
44,63,624.7841530054645
44,64,1866.0
44,65,1366.3373493975903
44,66,662.1303462321792
44,67,1830.1764705882354
44,68,1153.8339350180506
44,69,1579.0
44,71,1640.5
44,75,1812.0
44,76,1034.4022988505747
44,77,946.7674418604652
44,78,612.2573099415205
44,79,1697.3333333333333
44,80,753.6080586080586
44,83,901.6170212765958
44,85,627.8260869565217
44,86,384.1040935672515
44,88,1531.6486486486488
44,89,1241.8831168831168
44,90,1181.3057324840765
44,91,279.1151898734177
44,92,922.2524752475248
44,93,994.5913461538462
44,94,858.0542986425339
44,95,857.972972972973
44,96,1349.575
44,97,806.24
44,98,371.1007281553398
44,99,2040.0
45,0,460.3076923076923
45,2,1136.6206896551723
45,3,1558.5483870967741
45,6,1277.0434782608695
45,7,1101.642857142857
45,8,958.1666666666666
45,12,1136.3529411764705
45,13,1320.8235294117646
45,14,1321.9444444444443
45,16,1196.4117647058824
45,19,786.5384615384615
45,21,1478.1666666666667
45,22,612.90625
45,24,1578.25
45,25,906.952380952381
45,26,1468.0
45,27,1483.7333333333333
45,28,1646.0
45,30,1268.0
45,31,748.3333333333334
45,32,1546.0
45,34,1574.0
45,35,1371.5
45,36,1058.1538461538462
45,38,669.6428571428571
45,39,1029.8947368421052
45,40,1226.2
45,44,1159.4
45,45,240.09748892171345
45,47,1138.4666666666667
45,49,1363.857142857143
45,50,859.3333333333334
45,51,1382.0
45,53,843.5822784810126
45,54,971.5714285714286
45,57,1429.0
45,59,553.0819672131148
45,61,618.9350649350649
45,62,687.3333333333334
45,63,790.3513513513514
45,64,1822.0
45,65,1305.9444444444443
45,66,916.71875
45,67,1219.2424242424242
45,68,1272.5454545454545
45,69,1270.0
45,70,1435.909090909091
45,75,1748.0
45,76,791.6153846153846
45,77,1107.5
45,78,1434.25
45,79,1355.0526315789473
45,80,635.9487179487179
45,83,876.2631578947369
45,85,1155.9565217391305
45,86,1157.0
45,87,1656.0
45,88,940.7142857142857
45,89,452.1237785016287
45,90,1029.85
45,91,1202.4
45,92,1382.909090909091
45,93,817.7391304347826
45,94,719.2558139534884
45,95,1570.8
45,96,1331.25
45,97,1052.3076923076924
45,98,1168.7894736842106
45,99,1438.5833333333333
46,46,52.9
47,0,982.5352112676056
47,2,582.2085620197585
47,3,1677.304347826087
47,6,1488.0294117647059
47,7,944.3610169491525
47,8,1192.4050632911392
47,12,489.02879213483146
47,13,842.7835820895523
47,14,1420.731543624161
47,16,1365.4876033057851
47,19,1259.510729613734
47,20,1647.1052631578948
47,21,522.2361427486712
47,22,1086.0882352941176
47,24,1658.9411764705883
47,25,725.758659217877
47,26,1324.0824175824175
47,27,669.3639432815665
47,28,1846.75
47,30,1484.76
47,31,1474.2967032967033
47,34,1776.6
47,35,1352.6630434782608
47,36,981.9321705426356
47,38,1100.4068322981366
47,39,1547.3823529411766
47,40,1391.5849056603774
47,44,1131.655601659751
47,45,1271.8695652173913
47,47,298.9994100294985
47,49,1685.6046511627908
47,50,462.3028213166144
47,51,450.7606659729448
47,53,1358.057142857143
47,54,367.14398422090727
47,57,1456.972972972973
47,59,1324.375
47,61,1052.395225464191
47,62,1170.205
47,63,1101.9573863636363
47,64,1896.4444444444443
47,65,466.1239406779661
47,66,903.4090202177294
47,67,1445.211055276382
47,68,726.7792207792207
47,69,1049.6947890818858
47,70,1531.5
47,75,1540.952380952381
47,76,1171.4675324675325
47,77,1359.2769230769231
47,78,1438.0234375
47,79,1205.8125
47,80,821.4230769230769
47,83,1203.2897959183674
47,85,768.7799696509863
47,86,1029.590909090909
47,87,1688.0
47,88,1434.8846153846155
47,89,1351.6701030927834
47,90,400.4288670460424
47,91,1255.0456621004566
47,92,1641.7878787878788
47,93,1186.4734299516908
47,94,656.6683291770573
47,95,1626.967213114754
47,96,1522.4583333333333
47,97,651.1860869565218
47,98,1075.1496881496882
47,99,1684.4285714285713
48,48,684.0
49,0,899.3333333333334
49,3,1921.0
49,6,940.0
49,8,1000.25
49,14,759.6666666666666
49,19,1812.0
49,20,1854.0
49,24,916.1111111111111
49,28,792.7777777777778
49,30,1106.75
49,31,1265.0
49,35,1198.5
49,36,989.0
49,40,742.0
49,44,1152.3333333333333
49,45,1653.0
49,47,1821.0
49,49,373.3482142857143
49,50,2018.0
49,53,1562.0
49,67,1824.0
49,68,1874.0
49,69,1610.0
49,70,979.0
49,76,1520.0
49,77,617.0
49,78,636.0
49,85,1844.5
49,86,1205.6666666666667
49,88,1561.0
49,91,1186.0
49,92,510.46666666666664
49,93,1093.0
49,95,786.1428571428571
49,96,731.375
49,97,1339.0
50,0,591.3453237410072
50,2,707.771590909091
50,3,1609.8715596330276
50,6,1233.4137931034484
50,7,778.5123966942149
50,8,984.0291262135922
50,12,536.0405117270789
50,13,805.3204225352113
50,14,1217.2903225806451
50,16,1541.031746031746
50,19,907.8708333333333
50,20,1802.4
50,21,895.2224938875306
50,22,1221.73417721519
50,24,1411.4615384615386
50,25,463.9756097560976
50,26,1450.453125
50,27,838.4101221640489
50,28,1634.857142857143
50,30,1397.6153846153845
50,31,1304.0652173913043
50,32,1391.5
50,34,1747.5555555555557
50,35,1246.3509933774835
50,36,806.3802281368821
50,38,715.1207482993198
50,39,1308.5714285714287
50,40,1083.4736842105262
50,44,1083.3277777777778
50,45,837.6228070175439
50,47,460.845
50,49,1480.448275862069
50,50,296.2062222222222
50,51,791.4800693240901
50,53,1215.6969696969697
50,54,337.58411614005126
50,57,1615.1666666666667
50,59,1176.5
50,61,1158.9657534246576
50,62,785.9159663865546
50,63,739.7615062761506
50,64,1582.0
50,65,822.3220064724919
50,66,625.5676020408164
50,67,1378.22
50,68,987.6048387096774
50,69,1176.0122699386502
50,70,1484.857142857143
50,71,1532.0
50,75,1548.28
50,76,800.518018018018
50,77,1320.1451612903227
50,78,1363.0877192982457
50,79,1413.0361445783133
50,80,462.85789014821273
50,83,921.768558951965
50,85,637.4072553045859
50,86,941.7335907335907
50,87,1518.0
50,88,1154.9927536231885
50,89,1102.713043478261
50,90,385.7713864306785
50,91,1166.8586387434555
50,92,1456.0434782608695
50,93,920.8333333333334
50,94,332.72406492589977
50,95,1399.111111111111
50,96,1231.2857142857142
50,97,477.28414298808434
50,98,942.3041474654378
50,99,1518.9333333333334
51,0,1227.3680981595091
51,2,814.0216535433071
51,3,1835.8235294117646
51,6,1644.1351351351352
51,7,815.4174311926605
51,8,1406.5357142857142
51,12,354.93917274939173
51,13,763.5493827160494
51,14,1206.8371040723982
51,16,1459.018018018018
51,19,1327.3851351351352
51,20,1559.3684210526317
51,21,394.82396541074735
51,22,1265.6103896103896
51,24,1863.75
51,25,851.183355006502
51,26,1365.9020618556701
51,27,394.90731707317076
51,28,1902.0
51,30,1315.8992248062016
51,31,1510.5694444444443
51,32,1944.0
51,34,1787.5
51,35,1115.6888888888889
51,36,776.3972179289026
51,38,1299.6137339055795
51,39,1650.9259259259259
51,40,1517.7169811320755
51,44,911.6129807692307
51,45,1324.0588235294117
51,47,449.89601655457835
51,49,1625.4
51,50,771.0359820089955
51,51,284.4436581382689
51,53,1612.2424242424242
51,54,571.6007292616226
51,57,1506.5148514851485
51,59,1323.2307692307693
51,61,1276.3055555555557
51,62,1334.3511904761904
51,63,1164.8115942028985
51,64,1806.7777777777778
51,65,610.7666057282145
51,66,997.6875
51,67,1596.0166666666667
51,68,526.2048984468339
51,69,1095.1855072463768
51,70,1780.3333333333333
51,71,1828.0
51,75,1460.659574468085
51,76,1335.75
51,77,1409.0
51,78,1199.2214285714285
51,79,1291.1622641509434
51,80,1117.8258064516128
51,83,1309.1354838709678
51,85,527.6800818553888
51,86,759.9674329501916
51,88,1568.5
51,89,1510.9756097560976
51,90,672.8544131028208
51,91,1015.0555555555555
51,92,1468.7714285714285
51,93,1349.6106870229007
51,94,993.545945945946
51,95,1443.7244897959183
51,96,1594.4666666666667
51,97,653.5729386892177
51,98,929.9546703296703
51,99,1699.5
52,52,174.0
53,0,1105.5555555555557
53,2,1312.0
53,3,1446.75
53,6,580.3614457831326
53,7,1035.75
53,8,1146.0
53,12,1309.625
53,13,1929.0
53,14,1731.3333333333333
53,16,1269.3333333333333
53,19,592.0
53,22,921.0
53,24,1228.2857142857142
53,25,1090.0
53,26,1127.5
53,31,587.6935483870968
53,32,739.0
53,36,1368.142857142857
53,38,1157.25
53,39,675.0281690140845
53,40,1542.0
53,41,2029.0
53,45,872.578947368421
53,47,1649.6666666666667
53,49,1329.5
53,50,1188.3333333333333
53,51,1626.0
53,53,389.25850340136054
53,54,1106.625
53,57,1305.0
53,59,470.38953488372096
53,61,945.0
53,62,1143.5
53,63,1047.75
53,64,1363.0
53,65,1094.5
53,66,1051.3333333333333
53,67,1058.764705882353
53,68,1696.5
53,69,1230.3333333333333
53,70,976.0
53,75,1664.0
53,76,1204.0
53,78,1744.5
53,79,1028.0
53,80,1183.3333333333333
53,83,1257.8333333333333
53,85,1342.0
53,86,1227.3333333333333
53,87,1718.5
53,88,503.4255319148936
53,89,693.7936507936508
53,90,2011.0
53,91,1504.5
53,92,1264.6666666666667
53,93,1315.3333333333333
53,94,1046.25
53,95,1308.3333333333333
53,96,1154.2
53,97,1391.3333333333333
53,98,1305.5
53,99,1138.0
54,0,877.7915567282322
54,2,760.5735449735449
54,3,1715.4126984126983
54,6,1480.252336448598
54,7,854.919770773639
54,8,1171.878048780488
54,12,374.9526730937774
54,13,970.4046153846153
54,14,1317.2295081967213
54,16,1533.8936170212767
54,19,1089.3460317460317
54,20,1828.5
54,21,691.1047937569676
54,22,1264.6181818181817
54,24,1621.5555555555557
54,25,483.3068870523416
54,26,1567.837606837607
54,27,605.6134926212228
54,28,1878.3333333333333
54,30,1491.6811594202898
54,31,1516.5333333333333
54,32,1730.5
54,34,1894.375
54,35,1232.730593607306
54,36,856.6492411467117
54,38,1016.1927437641723
54,39,1372.157894736842
54,40,1363.3513513513512
54,44,1041.0609318996417
54,45,1045.3217391304347
54,47,347.2348224513173
54,49,1664.5666666666666
54,50,340.40909090909093
54,51,545.6766612641816
54,53,1454.9736842105262
54,54,278.2486602357985
54,57,1602.7758620689656
54,59,1288.142857142857
54,61,1268.1746031746031
54,62,998.5432835820895
54,63,869.4227129337539
54,64,1958.6666666666667
54,65,640.8103896103896
54,66,711.7963470319635
54,67,1661.1475409836066
54,68,947.736
54,69,1246.7716262975778
54,70,1633.625
54,75,1712.6538461538462
54,76,1120.6452599388379
54,77,1331.409090909091
54,78,1318.248120300752
54,79,1454.9020618556701
54,80,739.8055944055944
54,83,1064.1378299120236
54,85,611.3086014445174
54,86,926.0883977900553
54,87,1811.0
54,88,1397.9875
54,89,1281.9204545454545
54,90,437.87808896210873
54,91,1180.1773584905661
54,92,1488.0227272727273
54,93,1090.2598039215686
54,94,517.5863095238095
54,95,1549.7555555555555
54,96,1419.3684210526317
54,97,472.19164037854887
54,98,990.6571428571428
54,99,1704.0
55,55,417.0
56,56,1486.0
57,2,1484.75
57,3,1847.6
57,6,1367.0
57,7,2072.0
57,12,1473.0
57,13,1407.0
57,16,745.5245901639345
57,21,1775.5
57,22,1200.5
57,26,554.4864864864865
57,27,1840.0
57,31,1550.0
57,34,953.3125
57,45,1929.0
57,47,1253.0
57,50,1330.0
57,51,1431.0
57,54,2011.0
57,57,372.8588235294118
57,59,1879.0
57,61,990.4
57,63,1758.0
57,64,915.2903225806451
57,65,901.0
57,66,1732.0
57,67,1240.8181818181818
57,68,1296.8
57,69,1085.1666666666667
57,75,1030.7
57,78,1684.0
57,79,763.5744680851063
57,85,1218.0
57,86,1584.0
57,88,1408.0
57,94,1614.5
57,97,2049.0
57,98,1608.0
59,0,893.9761904761905
59,2,1115.9166666666667
59,3,1474.1904761904761
59,6,888.7692307692307
59,7,1188.655172413793
59,8,1314.888888888889
59,12,1324.8235294117646
59,13,1505.3125
59,14,1113.5
59,16,1271.3333333333333
59,19,960.2608695652174
59,21,1295.3333333333333
59,22,1038.5625
59,24,1273.5
59,25,1102.904761904762
59,26,1266.5
59,27,1393.076923076923
59,30,1490.0
59,31,659.4672897196261
59,32,1773.0
59,34,1711.5
59,35,1203.125
59,36,1281.4285714285713
59,38,1070.0217391304348
59,39,925.2162162162163
59,40,1158.0
59,44,1342.2
59,45,498.1375661375661
59,47,1421.3333333333333
59,49,1831.5
59,50,1094.7575757575758
59,51,1257.2857142857142
59,53,606.4883720930233
59,54,1295.388888888889
59,57,1632.5
59,59,339.5197568389058
59,61,1009.9333333333333
59,62,1104.0344827586207
59,63,892.4146341463414
59,65,1486.875
59,66,990.7647058823529
59,67,886.1578947368421
59,68,1529.2857142857142
59,69,1248.2727272727273
59,70,1309.6666666666667
59,76,1300.7
59,77,1601.75
59,78,1469.4
59,79,1477.0
59,80,869.3846153846154
59,83,933.64
59,85,1262.4375
59,86,1350.923076923077
59,87,1499.0
59,88,799.6315789473684
59,89,522.4770114942529
59,90,1421.5
59,91,1151.7
59,92,1313.0
59,93,1289.7692307692307
59,94,1071.0555555555557
59,95,1633.0
59,96,1203.0
59,97,1302.047619047619
59,98,1095.5
59,99,1315.2727272727273
61,0,1101.9285714285713
61,2,695.4356435643564
61,3,1727.6153846153845
61,6,1155.0
61,7,1536.1818181818182
61,8,1426.0
61,12,1270.3333333333333
61,13,1132.7567567567567
61,14,1525.0
61,16,830.434628975265
61,19,1296.6666666666667
61,21,1091.5384615384614
61,22,443.11583011583014
61,25,1393.8333333333333
61,26,1136.0416666666667
61,27,1361.157894736842
61,30,1969.4
61,31,1229.0384615384614
61,34,1833.6
61,35,1662.4
61,36,1465.0
61,38,1354.5
61,39,1315.9166666666667
61,40,1288.5
61,44,1520.1666666666667
61,45,520.5737704918033
61,47,981.5
61,49,1621.0
61,50,1136.25
61,51,1221.9310344827586
61,53,1027.6538461538462
61,54,1289.6
61,57,1156.8285714285714
61,59,798.3181818181819
61,61,307.06368563685635
61,62,1203.75
61,63,1329.625
61,64,1429.6
61,65,835.0096153846154
61,66,1307.9
61,67,905.8
61,68,1152.9666666666667
61,69,860.2881355932203
61,70,1427.0
61,75,1283.090909090909
61,76,1288.8666666666666
61,77,1455.5
61,78,1617.9
61,79,918.8813559322034
61,80,1259.6153846153845
61,83,1683.5
61,85,1321.2272727272727
61,86,1354.8
61,87,1768.0
61,88,996.4444444444445
61,89,1013.5365853658536
61,90,872.0
61,91,1875.5
61,92,1725.0
61,93,1392.8
61,94,1159.3333333333333
61,95,1864.0
61,96,1724.0
61,97,1435.6666666666667
61,98,1598.1818181818182
61,99,1302.6
62,0,447.1346499102334
62,2,1114.764705882353
62,3,1794.8333333333333
62,6,1460.0232558139535
62,7,904.6533957845434
62,8,669.4673913043479
62,12,1267.9050632911392
62,13,1375.132075471698
62,14,659.0840787119857
62,16,1644.25
62,19,347.67443064182197
62,20,1873.0
62,21,1463.0361445783133
62,22,1410.0555555555557
62,24,1539.111111111111
62,25,836.7573529411765
62,26,1648.4545454545455
62,27,1389.6589595375722
62,28,1443.3333333333333
62,30,1016.108280254777
62,31,1213.8620689655172
62,35,631.1395730706075
62,36,1140.6033333333332
62,38,353.63034188034186
62,39,1779.0
62,40,972.0666666666667
62,44,857.3664921465969
62,45,862.2
62,47,1240.37125748503
62,49,1424.2105263157894
62,50,871.4502369668246
62,51,1369.2833333333333
62,53,1375.05
62,54,1028.3615384615384
62,57,1566.0
62,59,1017.59375
62,61,1444.5833333333333
62,62,305.32460136674257
62,63,430.7147928994083
62,65,1423.1057692307693
62,66,606.1123330714847
62,67,1557.375
62,68,1465.9512195121952
62,69,1560.1538461538462
62,70,1670.3333333333333
62,71,1852.0
62,75,1899.0
62,76,458.674039580908
62,77,762.7032967032967
62,78,779.8512658227849
62,79,1697.142857142857
62,80,532.8222940226171
62,83,271.1057810578106
62,85,1153.0366492146597
62,86,1175.560975609756
62,88,1339.3478260869565
62,89,995.9677419354839
62,90,1048.0824742268042
62,91,595.8962386511024
62,92,1371.923076923077
62,93,459.0494923857868
62,94,684.276955602537
62,95,1219.904761904762
62,96,1304.7777777777778
62,97,1055.7374631268437
62,98,677.4605633802817
62,99,1742.25
63,0,406.64302600472814
63,2,1242.946188340807
63,3,1763.948717948718
63,6,1607.7614678899083
63,7,712.0208333333334
63,8,768.7368421052631
63,12,981.6160877513711
63,13,1380.5253164556962
63,14,774.2925278219396
63,16,1791.0625
63,19,525.7005174644244
63,20,1786.2
63,21,1380.5797101449275
63,22,1280.7450980392157
63,24,1643.5833333333333
63,25,545.8733191790517
63,26,1706.64
63,27,1215.690114068441
63,28,1992.5
63,30,1075.091836734694
63,31,1091.4777070063694
63,32,1725.6666666666667
63,34,1612.0
63,35,717.5770234986945
63,36,896.2716378162451
63,38,515.8540740740741
63,39,1558.7826086956522
63,40,1004.5833333333334
63,44,710.1518026565465
63,45,804.6363636363636
63,47,1030.0166666666667
63,49,1480.0
63,50,686.5386740331492
63,51,1178.590799031477
63,53,1290.974358974359
63,54,847.4232613908873
63,57,1805.7
63,59,838.9252336448598
63,61,1412.7032967032967
63,62,305.3971321695761
63,63,319.3786635404455
63,65,1346.750642673522
63,66,368.3529765484065
63,67,1474.375
63,68,1493.7954545454545
63,69,1521.4268292682927
63,70,1720.7692307692307
63,75,1801.0
63,76,638.1347270615563
63,77,939.9323308270676
63,78,871.925
63,79,1756.7941176470588
63,80,389.0563086548488
63,83,397.36196319018404
63,85,998.2458847736625
63,86,1030.3085106382978
63,88,1515.879518072289
63,89,875.0
63,90,1018.7912087912088
63,91,615.7050645481629
63,92,1377.27868852459
63,93,626.9754224270354
63,94,481.17415215398717
63,95,1333.4032258064517
63,96,1324.1363636363637
63,97,749.4134453781512
63,98,469.58942065491186
63,99,1744.8333333333333
64,3,1535.3333333333333
64,16,891.3571428571429
64,22,1520.0
64,31,1215.0
64,34,558.4
64,39,1195.0
64,57,802.8823529411765
64,59,1277.0
64,64,444.3888888888889
64,67,691.5333333333333
64,69,1755.5
64,75,1634.0
64,79,933.3333333333334
64,87,1890.0
64,88,1270.0
64,99,754.0
65,0,1155.9945355191257
65,2,496.18263090676885
65,3,1722.142857142857
65,6,1477.4782608695652
65,7,1204.1379310344828
65,8,1314.5
65,12,655.9902491874323
65,13,593.6759002770083
65,14,1510.5257731958764
65,16,1174.920634920635
65,19,1370.2456140350878
65,20,1677.0434782608695
65,21,376.76776859504133
65,22,856.3298429319372
65,24,1695.3333333333333
65,25,1004.6344696969697
65,26,1146.6860986547085
65,27,814.6728232189973
65,30,1580.4107142857142
65,31,1428.140350877193
65,34,1579.4782608695652
65,35,1484.679389312977
65,36,1195.702842377261
65,38,1271.3236714975844
65,39,1401.8
65,40,1553.5555555555557
65,44,1341.1881720430108
65,45,1195.7894736842106
65,47,417.27317983820785
65,49,1750.7083333333333
65,50,767.8313432835821
65,51,510.6742819843342
65,53,1194.3035714285713
65,54,598.9917012448133
65,57,1364.6470588235295
65,59,1259.4222222222222
65,61,825.685628742515
65,62,1336.1619047619047
65,63,1324.013986013986
65,64,1746.1666666666667
65,65,340.4711388455538
65,66,1156.3006833712984
65,67,1326.4274509803922
65,68,523.7535580524344
65,69,800.9219015280136
65,70,1396.5384615384614
65,75,1348.7121212121212
65,76,1349.9690721649486
65,77,1626.78
65,78,1508.5764705882352
65,79,951.4558823529412
65,80,1054.183745583039
65,83,1439.1937984496124
65,85,973.4968710888611
65,86,1121.2691029900332
65,87,1757.0
65,88,1507.2432432432433
65,89,1430.7586206896551
65,90,576.6038034865293
65,91,1413.3537414965986
65,92,1600.425
65,93,1400.9633027522937
65,94,980.4025974025974
65,95,1633.8260869565217
65,96,1511.16
65,97,915.6866746698679
65,98,1302.7828162291169
65,99,1731.4285714285713
66,0,507.6155988857939
66,2,1106.7953795379537
66,3,1690.78
66,6,1472.6037735849056
66,7,553.7527821939586
66,8,970.5045871559633
66,11,933.0
66,12,779.8633802816902
66,13,1250.6330434782608
66,14,934.2796833773087
66,16,1716.3
66,19,701.1153374233129
66,20,1743.0
66,21,1228.6027777777779
66,22,1388.2407407407406
66,24,1442.1
66,25,412.20304975922954
66,26,1665.9705882352941
66,27,1103.648177496038
66,28,1609.875
66,30,1168.3543307086613
66,31,1282.4736842105262
66,32,1734.0
66,34,1953.5
66,35,869.3177777777778
66,36,740.7603938730854
66,37,1405.0
66,38,697.0241254523522
66,39,1486.6363636363637
66,40,1124.5087719298247
66,44,689.6398104265403
66,45,951.9115044247787
66,47,881.5055096418732
66,49,1473.7142857142858
66,50,561.5943204868154
66,51,1047.1855123674911
66,53,1301.826923076923
66,54,659.3197056418643
66,57,1716.8666666666666
66,59,1027.7636363636364
66,61,1481.45
66,62,487.84081196581195
66,63,373.7451263537906
66,65,1192.6510318949342
66,66,314.47072072072075
66,67,1645.8125
66,68,1352.2693032015065
66,69,1487.37125748503
66,70,1627.1333333333334
66,71,1896.6666666666667
66,75,1839.4
66,76,789.8252595155709
66,77,999.7093023255813
66,78,1027.6859903381642
66,79,1665.4883720930231
66,80,387.4626234132581
66,83,608.6722276741904
66,85,812.2982241273729
66,86,958.9465346534654
66,88,1427.75682382134
66,89,1061.3423423423424
66,90,871.2696629213483
66,91,763.9310344827586
66,92,1384.6739130434783
66,93,763.0887290167866
66,94,426.687643020595
66,95,1295.741935483871
66,96,1400.85
66,97,562.3098676293622
66,98,518.5979532163743
66,99,1676.5714285714287
67,2,1164.6153846153845
67,3,1574.5
67,6,947.0
67,7,1603.0
67,8,2029.0
67,12,1391.0
67,13,1394.0
67,16,578.4690265486726
67,21,1658.5
67,22,503.9306930693069
67,26,1213.0
67,27,1704.0
67,31,1301.857142857143
67,34,1391.0
67,36,1489.0
67,38,1712.0
67,39,1062.0
67,41,1864.0
67,45,906.8571428571429
67,47,1690.6666666666667
67,51,1208.0
67,53,829.7142857142857
67,54,1279.0
67,57,1317.076923076923
67,59,878.0
67,61,797.5813953488372
67,63,1615.0
67,64,901.5454545454545
67,65,1210.625
67,67,340.0332103321033
67,68,1314.6666666666667
67,69,1152.1666666666667
67,75,1417.0
67,76,1679.0
67,77,1400.0
67,79,875.9024390243902
67,80,1107.0
67,85,1626.3333333333333
67,87,1278.0
67,88,1377.0
67,89,1060.5
67,90,1148.0
67,93,1861.0
67,98,1558.0
67,99,1456.6
68,0,1240.5742574257426
68,2,798.9591567852437
68,3,1794.448275862069
68,6,1667.75
68,7,1232.6813655761025
68,8,1397.5238095238096
68,12,792.508356545961
68,13,467.3111726685134
68,14,1490.0344827586207
68,16,1416.14598540146
68,19,1576.5625
68,20,1570.2962962962963
68,21,413.6037059175134
68,22,1197.8765432098764
68,24,1775.857142857143
68,25,1240.1875
68,26,1077.148148148148
68,27,661.186490455213
68,28,1943.0
68,30,1467.7333333333333
68,31,1641.1923076923076
68,34,1588.88
68,35,1325.060606060606
68,36,1174.8781925343812
68,38,1346.656976744186
68,39,1715.0
68,40,1551.7
68,44,1176.9618644067796
68,45,1475.611111111111
68,47,802.8432642487047
68,49,1702.7272727272727
68,50,1082.2023460410558
68,51,499.80555555555554
68,53,1452.25
68,54,1015.2434782608696
68,57,1283.494623655914
68,59,1481.4545454545455
68,61,1244.8705035971223
68,62,1456.1066666666666
68,63,1461.1519607843138
68,64,1810.2857142857142
68,65,617.2079940784604
68,66,1374.6631355932204
68,67,1649.1315789473683
68,68,301.78905419766204
68,69,821.4215851602023
68,70,1827.6666666666667
68,75,1311.5111111111112
68,76,1384.7222222222222
68,77,1538.642857142857
68,78,1385.111111111111
68,79,1159.1448598130842
68,80,1252.1158798283261
68,83,1488.675
68,85,980.6328963051252
68,86,1006.756906077348
68,87,1592.0
68,88,1665.857142857143
68,89,1603.75
68,90,939.8802992518703
68,91,1295.983870967742
68,92,1579.55
68,93,1426.3968253968253
68,94,1182.7621951219512
68,95,1555.4761904761904
68,96,1694.75
68,97,1105.0124113475176
68,98,1345.7151898734178
68,99,1628.0
69,0,1307.35
69,2,777.1379310344828
69,3,1499.2941176470588
69,6,1421.5
69,7,1409.888888888889
69,8,1431.0
69,12,1269.1803278688524
69,13,713.2077922077922
69,14,1646.5714285714287
69,16,843.2474747474747
69,19,1558.5
69,20,1714.0
69,21,858.0192307692307
69,22,780.8196721311475
69,24,1772.0
69,25,1195.7903225806451
69,26,640.4842767295597
69,27,1317.6933333333334
69,30,1706.8333333333333
69,31,1051.7142857142858
69,34,1487.7692307692307
69,35,1688.111111111111
69,36,1332.40625
69,38,1373.9285714285713
69,39,1427.7777777777778
69,40,1311.6666666666667
69,44,1488.4666666666667
69,45,1124.7083333333333
69,47,1015.1
69,50,1175.2857142857142
69,51,1046.0533333333333
69,53,1240.7333333333333
69,54,1271.8
69,57,1063.98
69,59,1300.2
69,61,884.8131313131313
69,62,1486.8823529411766
69,63,1394.2424242424242
69,64,1604.0
69,65,643.4803493449782
69,66,1358.6617647058824
69,67,1210.7978723404256
69,68,689.4625
69,69,378.3354114713217
69,70,1510.25
69,75,1009.2203389830509
69,76,1473.4666666666667
69,77,1733.2
69,78,1465.857142857143
69,79,547.5113835376533
69,80,1250.65
69,83,1600.0
69,85,1256.3
69,86,1402.5454545454545
69,87,1646.0
69,88,1448.4255319148936
69,89,1447.8
69,90,1013.2741935483871
69,91,1662.2
69,92,1636.5
69,93,1495.8
69,94,1148.4605263157894
69,95,1493.0
69,96,1506.0
69,97,1401.9767441860465
69,98,1475.7837837837837
69,99,1647.6666666666667
70,6,595.625
70,8,1224.0
70,25,2017.0
70,31,1022.6666666666666
70,32,740.6666666666666
70,39,829.4
70,41,2052.0
70,45,1504.0
70,53,1118.6
70,70,417.28
70,78,1184.0
70,87,1466.0
70,88,492.0
70,89,1263.0
70,94,1680.0
70,96,1607.0
70,99,690.6666666666666
71,71,223.4390243902439
72,72,799.0
73,73,218.33333333333334
74,11,279.0
75,2,773.0
75,3,1630.0
75,13,749.0
75,16,1008.0
75,20,929.0
75,25,1863.0
75,26,641.0714285714286
75,31,1312.0
75,34,881.25
75,39,1779.0
75,45,1747.0
75,57,862.5
75,61,1446.0
75,65,877.5
75,67,1694.0
75,68,1325.0
75,69,1186.0
75,75,502.8265306122449
75,79,1057.5
75,85,811.0
75,89,1845.0
75,90,1554.0
75,94,1334.0
76,0,503.2212230215827
76,2,957.6315789473684
76,3,1681.3111111111111
76,6,1088.468253968254
76,7,1126.361403508772
76,8,484.3191800878477
76,12,1224.6993006993007
76,13,1066.7391304347825
76,14,670.9916107382551
76,16,1642.0
76,19,308.02868852459017
76,20,1851.3333333333333
76,21,1426.141414141414
76,22,1425.9444444444443
76,24,1221.2333333333333
76,25,1029.4142857142858
76,26,1719.5714285714287
76,27,1414.7019867549668
76,28,1238.6923076923076
76,30,925.5628415300547
76,31,1299.16
76,32,1733.0
76,34,1787.0
76,35,767.3129251700681
76,36,1268.375
76,38,312.7447013487476
76,39,1590.0
76,40,791.6951219512196
76,44,1115.8563829787233
76,45,1011.2794117647059
76,47,1124.1744680851064
76,49,1259.9423076923076
76,50,760.769387755102
76,51,1418.0333333333333
76,53,1392.2173913043478
76,54,1003.3737373737374
76,57,1639.7
76,59,981.8166666666667
76,61,1371.974358974359
76,62,550.2281368821293
76,63,807.1728110599079
76,65,1301.2407407407406
76,66,882.1145251396648
76,67,1663.0
76,68,1272.912162162162
76,69,1405.3934426229507
76,70,1316.5
76,75,1682.142857142857
76,76,234.55395136778117
76,77,778.2027972027972
76,78,771.3583061889251
76,79,1559.483870967742
76,80,628.6678743961353
76,83,392.71417445482865
76,85,1240.7398720682302
76,86,1250.0277777777778
76,87,1428.0
76,88,988.7784810126582
76,89,1032.6588235294118
76,90,861.9419795221843
76,91,943.7181571815718
76,92,1106.8969072164948
76,93,373.8769742310889
76,94,724.6076696165192
76,95,1120.9024390243903
76,96,851.1125
76,97,1129.1897590361446
76,98,1017.0095693779904
76,99,1500.375
77,0,1130.6666666666667
77,2,1604.3846153846155
77,3,1806.090909090909
77,6,1297.5454545454545
77,7,1163.8484848484848
77,8,421.5655526992288
77,12,1253.3076923076924
77,13,1544.8461538461538
77,14,607.5590062111801
77,16,1677.0
77,19,645.495145631068
77,21,1634.5
77,24,1311.6666666666667
77,25,1337.55
77,26,1812.0
77,27,1342.142857142857
77,28,1515.1666666666667
77,30,359.2765486725664
77,31,898.3333333333334
77,35,760.5490196078431
77,36,1224.6315789473683
77,38,1041.08
77,40,408.26027397260276
77,44,1019.7872340425532
77,45,1358.6666666666667
77,47,1290.0
77,49,1012.9473684210526
77,50,1295.2083333333333
77,51,1543.888888888889
77,53,1728.0
77,54,1356.5555555555557
77,62,1050.0740740740741
77,63,1110.0188679245282
77,65,1694.5882352941176
77,66,1232.657894736842
77,67,1758.6666666666667
77,68,1476.090909090909
77,69,1690.5714285714287
77,76,882.4307692307692
77,77,269.34458259325044
77,78,469.0576131687243
77,79,1859.0
77,80,1238.3157894736842
77,83,868.9508196721312
77,85,1397.0357142857142
77,86,1122.909090909091
77,88,1180.851851851852
77,89,1267.5714285714287
77,90,1381.4166666666667
77,91,862.4225352112676
77,92,869.6428571428571
77,93,533.4375
77,94,1173.3529411764705
77,95,473.77685950413223
77,96,962.9310344827586
77,97,1490.2941176470588
77,98,1041.0363636363636
77,99,900.0
78,0,1134.8510638297873
78,2,1508.0
78,3,1820.125
78,6,1467.0845070422536
78,7,960.1363636363636
78,8,748.8428571428572
78,12,1371.974358974359
78,13,1567.5116279069769
78,14,272.213567839196
78,16,1987.0
78,19,570.3949468085107
78,20,1907.7142857142858
78,21,1548.4489795918366
78,22,1793.0
78,24,1336.7727272727273
78,25,1200.9485294117646
78,26,2075.0
78,27,1108.090909090909
78,28,1402.2
78,30,292.0437219730942
78,31,1531.5
78,32,1955.5
78,35,402.81762295081967
78,36,1021.5612244897959
78,38,999.4367088607595
78,39,1817.6666666666667
78,40,812.0942028985507
78,44,740.2375366568915
78,45,1574.5714285714287
78,47,1508.6491228070176
78,49,1019.272
78,50,1437.5125
78,51,1434.3164556962026
78,53,1635.0
78,54,1431.3882352941177
78,59,1701.6666666666667
78,61,1691.2
78,62,917.2256944444445
78,63,1049.1548913043478
78,65,1620.9117647058824
78,66,1126.0597609561753
78,67,2003.4
78,68,1386.090909090909
78,69,1714.75
78,70,1844.0
78,75,1763.6666666666667
78,76,790.7608695652174
78,77,483.36351165980795
78,78,263.31129900076866
78,79,1938.6666666666667
78,80,1241.328
78,83,645.5742793791575
78,85,1193.9567567567567
78,86,891.1517241379311
78,88,1447.74
78,89,1515.0666666666666
78,90,1492.4772727272727
78,91,579.0832455216017
78,92,827.0350877192982
78,93,493.0303893637227
78,94,1249.2238805970148
78,95,644.011135857461
78,96,1241.8840579710145
78,97,1346.3186813186812
78,98,875.417808219178
78,99,1927.0
79,0,1216.0
79,2,876.4833333333333
79,3,1786.9
79,6,1418.6666666666667
79,7,1430.8666666666666
79,8,1377.0
79,12,1312.0
79,13,915.5185185185185
79,14,1862.25
79,16,576.4405594405595
79,19,1464.6
79,21,1056.5135135135135
79,22,942.304347826087
79,24,1972.0
79,25,1468.6923076923076
79,26,579.4012539184953
79,27,1315.047619047619
79,30,1772.0
79,31,1246.9166666666667
79,32,1867.0
79,34,1351.764705882353
79,35,1602.1666666666667
79,36,1624.8181818181818
79,38,1533.625
79,39,1364.625
79,40,1654.4
79,44,1595.9
79,45,1338.3125
79,47,1216.4347826086957
79,49,1949.6666666666667
79,50,1260.0666666666666
79,51,1244.448275862069
79,53,1323.4285714285713
79,54,1205.3846153846155
79,57,848.0939226519337
79,59,1166.5
79,61,917.078947368421
79,62,1698.0
79,63,1616.0
79,64,1196.6326530612246
79,65,820.7058823529412
79,66,1385.0
79,67,1010.4545454545455
79,68,1103.1081081081081
79,69,516.1739130434783
79,70,1450.0
79,75,1138.9736842105262
79,76,1473.111111111111
79,77,1727.6666666666667
79,78,1801.5
79,79,380.5561139028476
79,80,1502.375
79,83,1346.5
79,85,1356.111111111111
79,86,1246.9
79,87,2087.0
79,88,1410.9375
79,89,1426.6
79,90,1059.4375
79,91,1710.7142857142858
79,92,1475.0
79,93,1586.8333333333333
79,94,1234.6875
79,95,1923.0
79,97,1483.3333333333333
79,98,1590.6
79,99,1877.8
80,0,312.546626984127
80,2,916.8316831683169
80,3,1685.195652173913
80,6,1393.7890625
80,7,682.804992199688
80,8,751.2848837209302
80,12,902.25935828877
80,13,1048.2088772845952
80,14,950.4661654135339
80,16,1677.7222222222222
80,19,592.4431818181819
80,20,1903.2
80,21,1225.5346534653465
80,22,1256.5263157894738
80,24,1484.888888888889
80,25,562.5879396984925
80,26,1637.1707317073171
80,27,1192.248120300752
80,28,1559.8333333333333
80,30,1254.3545454545454
80,31,1112.5942028985507
80,32,1828.5
80,34,1815.0
80,35,912.5555555555555
80,36,896.9805194805194
80,38,453.87823652904126
80,39,1443.3684210526317
80,40,1124.2105263157894
80,44,842.1699346405229
80,45,733.2090395480226
80,47,790.0959409594096
80,49,1460.4848484848485
80,50,441.9983660130719
80,51,1125.1384083044982
80,53,1247.420168067227
80,54,719.4549839228296
80,57,1707.45
80,59,904.7981651376147
80,61,1337.0389610389611
80,62,409.09801488833745
80,63,444.815144766147
80,64,2078.0
80,65,1130.9848484848485
80,66,434.6725663716814
80,67,1551.2432432432433
80,68,1235.9116465863453
80,69,1373.5808823529412
80,70,1617.0
80,71,1878.0
80,75,1785.0
80,76,535.9422423556059
80,77,989.5921052631579
80,78,1026.7014925373135
80,79,1548.8039215686274
80,80,258.7205298013245
80,83,527.170731707317
80,85,922.2173333333334
80,86,1064.8294117647058
80,87,1923.5
80,88,1320.8197674418604
80,89,859.2432432432432
80,90,677.0964749536178
80,91,865.3699284009547
80,92,1341.1754385964912
80,93,656.7266666666667
80,94,301.3541523678792
80,95,1280.0833333333333
80,96,1219.7105263157894
80,97,724.3904761904762
80,98,643.5343709468223
80,99,1496.4166666666667
81,81,183.86363636363637
82,82,91.25
83,0,618.0465838509317
83,2,1160.8020833333333
83,3,1792.53125
83,6,1357.7368421052631
83,7,1041.9436090225563
83,8,593.0807453416149
83,12,1309.3875
83,13,1343.804347826087
83,14,488.2563067608476
83,16,1864.75
83,19,248.07941437444543
83,20,2026.4285714285713
83,21,1549.5102040816328
83,22,1636.4545454545455
83,24,1486.6363636363637
83,25,995.7298387096774
83,26,1787.1538461538462
83,27,1440.3487179487179
83,28,1434.0
83,30,810.8798449612403
83,31,1381.8064516129032
83,35,523.3881278538813
83,36,1235.5622895622896
83,38,403.1710407239819
83,39,1484.888888888889
83,40,832.8481012658228
83,44,963.1369294605809
83,45,1142.7428571428572
83,47,1323.4951923076924
83,49,1417.8461538461538
83,50,1032.8412698412699
83,51,1507.7686567164178
83,53,1619.84375
83,54,1212.9195402298851
83,57,1846.0
83,59,993.7
83,61,1522.5454545454545
83,62,368.29181752353367
83,63,597.4726996966633
83,65,1466.4380952380952
83,66,803.7482571649883
83,67,1843.1666666666667
83,68,1511.8741258741259
83,69,1535.3953488372092
83,70,1395.6666666666667
83,75,1757.0
83,76,362.46526151444186
83,77,684.1724137931035
83,78,630.040590405904
83,79,1782.5454545454545
83,80,729.7754010695187
83,83,285.6206563706564
83,85,1268.362186788155
83,86,1143.5
83,88,1289.25
83,89,1280.9333333333334
83,90,1139.3695652173913
83,91,692.0712290502794
83,92,1325.6969696969697
83,93,338.13884430176563
83,94,889.9113924050633
83,95,1196.4814814814815
83,96,1058.5666666666666
83,97,1187.48087431694
83,98,824.2655826558265
83,99,1630.0
84,84,170.8
85,0,1106.701646090535
85,2,1133.4347158218127
85,3,1765.85
85,6,1605.6571428571428
85,7,566.7921862011638
85,8,1372.8977272727273
85,12,338.829185520362
85,13,1219.8801295896328
85,14,1035.020997375328
85,16,1699.0744680851064
85,19,1244.0117647058823
85,20,1600.5694444444443
85,21,771.2112244897959
85,22,1473.8426966292134
85,24,1664.0
85,25,597.3227586206897
85,26,1659.142857142857
85,27,395.2229811169144
85,28,1767.25
85,30,1207.4009433962265
85,31,1549.9882352941177
85,32,1726.2857142857142
85,34,1711.3333333333333
85,35,943.6536082474227
85,36,455.14302812687015
85,38,1219.2873399715504
85,39,1607.2307692307693
85,40,1527.4444444444443
85,44,655.1145251396648
85,45,1227.3909090909092
85,47,693.4428364688856
85,49,1567.1851851851852
85,50,598.8293556085919
85,51,488.62626995645866
85,53,1469.1785714285713
85,54,490.58983392048316
85,57,1738.5576923076924
85,59,1355.0483870967741
85,61,1446.5944055944055
85,62,1120.1135265700484
85,63,951.6604361370717
85,64,1951.0
85,65,1025.880613362541
85,66,781.9972035794184
85,67,1694.698113207547
85,68,955.1123919308358
85,69,1423.0191387559807
85,70,1760.6842105263158
85,71,1572.0
85,75,1716.904761904762
85,76,1277.682186234818
85,77,1321.9295774647887
85,78,1067.7034220532319
85,79,1563.111111111111
85,80,1005.5139275766016
85,83,1190.1026252983293
85,84,1966.0
85,85,341.3448275862069
85,86,494.6112920738328
85,87,1675.0
85,88,1483.7777777777778
85,89,1411.6262626262626
85,90,821.8916500994036
85,91,794.8823529411765
85,92,1411.2142857142858
85,93,1272.4647887323943
85,94,797.0024671052631
85,95,1327.416
85,96,1588.5405405405406
85,97,446.39446870451235
85,98,702.8391123439667
85,99,1671.0
86,0,1220.6265060240964
86,2,1375.936
86,3,1774.357142857143
86,6,1678.7391304347825
86,7,574.5658227848102
86,8,1219.0869565217392
86,12,694.5433255269321
86,13,1205.329218106996
86,14,695.0357142857143
86,16,1860.75
86,19,1117.504424778761
86,20,1555.9117647058824
86,21,974.800796812749
86,22,1645.4166666666667
86,24,1479.8125
86,25,759.4365671641791
86,26,1520.9130434782608
86,27,450.2785793562708
86,28,1575.75
86,30,854.6736111111111
86,31,1436.103448275862
86,34,1994.5
86,35,600.1565217391304
86,36,448.4776299879081
86,38,1199.075
86,39,1727.4
86,40,1151.7441860465117
86,44,324.84123222748815
86,45,1413.5217391304348
86,47,1028.2367346938775
86,49,1313.08
86,50,904.8678160919541
86,51,773.3415384615384
86,53,1588.3333333333333
86,54,880.8523985239852
86,57,1523.6666666666667
86,59,1304.0555555555557
86,61,1626.7083333333333
86,62,979.3142857142857
86,63,905.956228956229
86,65,1282.8108108108108
86,66,856.3126550868486
86,67,1842.0
86,68,954.4984894259819
86,69,1482.301886792453
86,70,1832.3333333333333
86,71,1470.25
86,75,1590.25
86,76,1237.5363636363636
86,77,1014.1807228915662
86,78,723.353591160221
86,79,1591.1538461538462
86,80,1006.530612244898
86,83,1063.6315789473683
86,84,1297.0
86,85,529.8624535315985
86,86,281.676970633694
86,88,1664.9354838709678
86,89,1431.1904761904761
86,90,1118.672
86,91,467.0143442622951
86,92,1039.860465116279
86,93,1078.7157894736843
86,94,941.5141242937854
86,95,861.2857142857143
86,96,1345.36
86,97,713.0656303972366
86,98,620.6115196078431
86,99,1902.25
87,3,765.0
87,6,1970.0
87,41,976.0
87,53,1469.0
87,70,792.0
87,87,523.0588235294117
87,99,876.1666666666666
88,0,1361.3129770992366
88,2,1378.233870967742
88,3,1303.5625
88,6,535.864705882353
88,7,1596.072972972973
88,8,920.9310344827586
88,12,1554.568
88,13,1663.3576923076923
88,14,1552.4130434782608
88,16,1546.3246753246754
88,19,1293.4962962962964
88,21,1584.3157894736842
88,22,1123.3290322580644
88,24,1276.6666666666667
88,25,1467.5641025641025
88,26,1560.7764705882353
88,27,1671.5666666666666
88,28,1581.8461538461538
88,30,1491.9603174603174
88,31,626.6884615384615
88,32,1347.1475409836066
88,34,1886.7777777777778
88,35,1659.8516129032257
88,36,1580.4857142857143
88,38,1304.4432432432432
88,39,875.6023391812865
88,40,1119.5454545454545
88,41,1709.5
88,43,2045.0
88,44,1683.9024390243903
88,45,1175.9565217391305
88,47,1497.2903225806451
88,49,1445.9263157894736
88,50,1256.0
88,51,1653.4470588235295
88,53,739.0794979079498
88,54,1464.265536723164
88,57,1689.6888888888889
88,59,874.294964028777
88,61,1196.718085106383
88,62,1449.1176470588234
88,63,1602.9253731343283
88,64,1558.3823529411766
88,65,1490.3085106382978
88,66,1513.7848699763592
88,67,1415.1806451612904
88,68,1628.388888888889
88,69,1395.470297029703
88,70,896.933734939759
88,71,1911.75
88,75,1666.090909090909
88,76,1147.579831932773
88,77,1245.421052631579
88,78,1461.3333333333333
88,79,1498.9942857142858
88,80,1421.8028846153845
88,81,1988.0
88,83,1377.2043010752689
88,85,1602.284023668639
88,86,1675.9107142857142
88,87,1458.75
88,88,421.8888888888889
88,89,807.7257142857143
88,90,1398.6436781609195
88,91,1683.744
88,92,1330.2752293577983
88,93,1100.9645390070923
88,94,1377.921921921922
88,95,1362.2987012987012
88,96,1242.6712328767123
88,97,1485.7943037974683
88,98,1618.471649484536
88,99,1048.2384615384615
89,0,769.7021276595744
89,2,1310.25
89,3,1326.7333333333333
89,6,876.3414634146342
89,7,1101.695652173913
89,8,1061.0
89,12,1113.1666666666667
89,13,1286.4545454545455
89,14,1295.625
89,16,1336.3333333333333
89,19,1191.076923076923
89,21,1435.0
89,22,1223.9
89,24,1590.5
89,25,1095.578947368421
89,26,1438.5
89,27,1515.111111111111
89,28,1773.0
89,30,1361.4
89,31,435.4135977337111
89,32,1472.0
89,35,1421.25
89,36,1291.7
89,38,854.983606557377
89,39,1178.5
89,40,1177.0
89,44,1135.0
89,45,381.11337209302326
89,47,1345.3
89,49,1295.6666666666667
89,50,1133.4137931034484
89,51,1762.2
89,53,740.433628318584
89,54,1049.3
89,57,1652.7142857142858
89,59,543.5655737704918
89,61,1104.8620689655172
89,62,766.5384615384615
89,63,870.7073170731708
89,64,1480.0
89,65,1543.923076923077
89,66,953.8823529411765
89,67,1384.9375
89,68,1523.75
89,69,1473.857142857143
89,70,1232.764705882353
89,76,811.4666666666667
89,77,1262.6
89,78,1405.875
89,79,1427.3333333333333
89,80,859.4375
89,83,946.2352941176471
89,85,1263.7368421052631
89,86,1574.625
89,87,1332.0
89,88,667.4666666666667
89,89,253.75290697674419
89,90,1212.4545454545455
89,91,1153.5
89,92,1384.875
89,93,1030.05
89,94,946.4090909090909
89,95,1479.1666666666667
89,96,1105.888888888889
89,97,1363.5263157894738
89,98,994.5416666666666
89,99,1175.6666666666667
90,0,739.1271186440678
90,2,473.40411413404115
90,3,1662.468085106383
90,6,1432.5652173913043
90,7,998.4770642201835
90,8,1142.4017857142858
90,12,567.015923566879
90,13,749.371653543307
90,14,1353.0967741935483
90,16,1383.1818181818182
90,19,1090.46875
90,20,1868.0
90,21,731.0357142857143
90,22,1057.590243902439
90,24,1552.2777777777778
90,25,750.0149253731344
90,26,1405.695652173913
90,27,792.5438596491229
90,28,1924.5
90,30,1520.0
90,31,1371.4736842105262
90,32,1628.5
90,34,1745.0833333333333
90,35,1310.8777777777777
90,36,1066.1273291925465
90,38,818.0788177339901
90,39,1444.6521739130435
90,40,1197.3898305084747
90,44,1252.2627737226278
90,45,1094.4285714285713
90,47,357.28194444444443
90,49,1578.7027027027027
90,50,366.0499657768652
90,51,652.0240274599543
90,53,1341.9142857142858
90,54,422.987027027027
90,57,1524.984375
90,59,1242.225806451613
90,61,1044.4887218045112
90,62,981.2574257425742
90,63,1073.2196531791908
90,64,1840.0
90,65,633.9281045751634
90,66,873.3838709677419
90,67,1360.8918918918919
90,68,902.1804733727811
90,69,1045.431279620853
90,70,1667.3333333333333
90,75,1506.774193548387
90,76,932.3246753246754
90,77,1421.3709677419354
90,78,1434.2533333333333
90,79,1308.4450549450548
90,80,628.6225296442688
90,83,1113.6
90,85,863.0760095011876
90,86,1134.6699029126214
90,87,1773.0
90,88,1307.204081632653
90,89,1297.8045977011495
90,90,262.4917606244579
90,91,1296.391304347826
90,92,1399.942857142857
90,93,1068.6373056994819
90,94,559.7464788732394
90,95,1483.78125
90,96,1248.3030303030303
90,97,722.9400278940028
90,98,1117.1784037558687
90,99,1557.0
91,0,764.2680652680652
91,2,1436.5492957746478
91,3,1903.5652173913043
91,6,1681.3703703703704
91,7,596.4857792946531
91,8,1129.7087378640776
91,12,1071.0573770491803
91,13,1474.909090909091
91,14,409.00051652892563
91,16,1781.75
91,19,799.0597014925373
91,20,1707.3076923076924
91,21,1310.9328358208954
91,22,1521.8666666666666
91,24,1515.125
91,25,907.8451730418943
91,26,1786.0
91,27,914.6975717439294
91,28,1370.8
91,30,659.6585788561525
91,31,1451.21875
91,32,1689.0
91,35,288.11211778029445
91,36,620.8842767295597
91,38,824.910071942446
91,39,1529.5
91,40,1124.3962264150944
91,44,355.9714285714286
91,45,1199.5869565217392
91,47,1314.1083743842364
91,49,1157.1216216216217
91,50,1144.1454545454546
91,51,1144.2511210762332
91,53,1604.8461538461538
91,54,1160.0292887029289
91,57,1897.8
91,59,1256.0
91,61,1694.1764705882354
91,62,599.38
91,63,610.5246053853297
91,65,1565.0380952380951
91,66,748.0824742268042
91,67,1760.5714285714287
91,68,1344.1333333333334
91,69,1785.0740740740741
91,70,1777.0
91,75,1926.0
91,76,913.4055944055945
91,77,846.2608695652174
91,78,528.4411473788329
91,79,1809.8095238095239
91,80,827.0656565656566
91,83,683.6057971014493
91,85,867.4128
91,86,615.3783783783783
91,88,1579.0736842105264
91,89,1206.1944444444443
91,90,1343.5943396226414
91,91,292.6326889279438
91,92,1000.3085106382979
91,93,876.5343511450382
91,94,993.2
91,95,942.1450381679389
91,96,1398.6842105263158
91,97,1026.4273504273503
91,98,422.04137931034484
91,99,1843.0
92,0,2004.0
92,2,1195.0
92,3,1852.7142857142858
92,6,1293.0
92,7,1262.7692307692307
92,8,1034.2380952380952
92,12,1543.375
92,13,1632.2
92,14,903.1842105263158
92,19,1614.0
92,20,2054.0
92,21,1579.4
92,24,1014.4
92,25,1416.5
92,27,1279.9285714285713
92,28,1269.6666666666667
92,30,778.2641509433962
92,31,1128.6666666666667
92,35,930.6216216216217
92,36,1143.0
92,38,1467.3846153846155
92,40,639.96
92,44,835.4285714285714
92,45,1645.5
92,47,1764.0
92,49,683.0879120879121
92,50,1807.0
92,51,1362.2
92,53,1564.25
92,54,1740.5
92,61,1589.0
92,62,1512.0
92,63,1551.0
92,65,1642.7142857142858
92,66,1931.0
92,68,1457.0
92,70,1407.0
92,76,1368.3333333333333
92,77,800.2045454545455
92,78,805.525
92,80,1400.0
92,83,1520.8333333333333
92,85,1462.5333333333333
92,86,1087.7142857142858
92,88,1302.875
92,89,1022.0
92,90,1703.4
92,91,1227.3076923076924
92,92,324.5978647686833
92,93,1323.5714285714287
92,94,1038.5
92,95,375.50375939849624
92,96,847.3076923076923
92,97,1263.5
92,98,1212.0
93,0,782.0110701107011
93,2,1173.4155844155844
93,3,1686.5964912280701
93,6,1135.638888888889
93,7,1129.4285714285713
93,8,353.74695863746956
93,12,1324.0487804878048
93,13,1385.5
93,14,610.7529137529137
93,16,1931.3333333333333
93,19,266.9656274980016
93,20,1935.0
93,21,1467.8048780487804
93,22,1430.090909090909
93,24,1186.0588235294117
93,25,1175.7534246575342
93,26,1795.5
93,27,1489.888888888889
93,28,1361.7142857142858
93,30,627.96
93,31,1016.3461538461538
93,32,1711.0
93,35,736.5590062111801
93,36,1288.7943925233644
93,38,571.9104046242775
93,39,1487.142857142857
93,40,688.025641025641
93,43,2067.0
93,44,1056.032258064516
93,45,1198.375
93,47,1316.4098360655737
93,49,1206.219512195122
93,50,1054.5031446540881
93,51,1497.4888888888888
93,53,1306.1923076923076
93,54,1311.2990654205607
93,57,2035.0
93,59,1305.5882352941176
93,61,1577.5833333333333
93,62,626.7692307692307
93,63,854.9632034632035
93,64,1676.0
93,65,1465.8222222222223
93,66,970.6725663716815
93,67,1834.7777777777778
93,68,1505.567901234568
93,69,1600.25
93,70,1196.6
93,75,1882.0
93,76,387.04773269689736
93,77,525.3745454545455
93,78,434.166908563135
93,79,1718.875
93,80,867.5346534653465
93,83,408.62610899873255
93,85,1315.7988826815642
93,86,1294.4722222222222
93,87,1892.0
93,88,1024.0898876404494
93,89,1250.0645161290322
93,90,1088.5060240963855
93,91,910.3493975903615
93,92,1068.987341772152
93,93,283.6006289308176
93,94,948.797619047619
93,95,989.6538461538462
93,96,935.9439252336449
93,97,1268.1603773584907
93,98,1037.8333333333333
93,99,1429.375
94,0,479.0878293601004
94,2,812.1322869955156
94,3,1589.1360544217687
94,6,1338.5844748858447
94,7,705.0324400564175
94,8,901.3673469387755
94,12,751.6601307189543
94,13,947.9827288428324
94,14,1198.4384236453202
94,16,1627.219512195122
94,19,799.4615384615385
94,20,1806.0
94,21,1132.4031007751937
94,22,1161.7833333333333
94,24,1434.7777777777778
94,25,467.5766550522648
94,26,1498.2830188679245
94,27,1038.3086734693877
94,28,1652.3846153846155
94,30,1326.6119402985075
94,31,1303.7435897435898
94,32,1561.0
94,34,1858.7777777777778
94,35,1119.2544378698226
94,36,750.1513043478261
94,38,651.4822389666308
94,39,1410.9807692307693
94,40,1110.2682926829268
94,44,976.5
94,45,795.051094890511
94,47,644.2503516174402
94,49,1510.15625
94,50,339.7117117117117
94,51,1013.4273255813954
94,53,1294.8135593220338
94,54,474.9863387978142
94,57,1535.764705882353
94,59,1057.3823529411766
94,61,1208.6262626262626
94,62,646.583908045977
94,63,654.9561403508771
94,65,991.7465564738292
94,66,554.6623164763458
94,67,1414.3333333333333
94,68,1135.7616279069769
94,69,1298.3395061728395
94,70,1453.7272727272727
94,71,1743.0
94,75,1597.0625
94,76,737.6742160278745
94,77,1236.796875
94,78,1210.6315789473683
94,79,1508.4545454545455
94,80,376.1205392545599
94,83,759.3510895883777
94,85,808.8740293356342
94,86,962.8952380952381
94,87,1599.5
94,88,1211.0301886792454
94,89,1065.0731707317073
94,90,549.852644836272
94,91,1055.5761316872429
94,92,1338.5
94,93,879.1595744680851
94,94,288.34975961538464
94,95,1391.4545454545455
94,96,1299.8064516129032
94,97,587.0645833333333
94,98,876.9446202531645
94,99,1375.8
95,0,1411.0
95,2,1630.6
95,3,1796.0
95,6,1446.5555555555557
95,7,1143.3333333333333
95,8,750.203947368421
95,12,1454.3076923076924
95,13,1524.5555555555557
95,14,809.4651162790698
95,16,2019.0
95,19,1144.4444444444443
95,20,1863.0
95,21,1571.125
95,24,1211.0
95,25,1445.5
95,27,1331.52
95,28,979.0
95,30,388.14521452145215
95,31,1444.5
95,35,918.016393442623
95,36,1092.7941176470588
95,38,1541.4615384615386
95,40,486.5632183908046
95,44,941.7111111111111
95,45,1527.0
95,47,1456.142857142857
95,49,797.8510638297872
95,50,1667.3333333333333
95,51,1450.9411764705883
95,53,1483.5
95,54,1350.7142857142858
95,59,1620.75
95,61,2066.0
95,62,1365.5
95,63,1422.1
95,66,1493.888888888889
95,68,1475.4166666666667
95,69,1746.0
95,76,1268.5714285714287
95,77,448.1727574750831
95,78,606.0859375
95,80,1432.3333333333333
95,83,1064.1935483870968
95,85,1374.90625
95,86,986.5625
95,88,1293.3529411764705
95,89,1693.5
95,90,1594.5
95,91,1102.8125
95,92,524.2941176470588
95,93,988.4918032786885
95,94,1558.3333333333333
95,95,271.7690288713911
95,96,856.9047619047619
95,97,1395.3333333333333
95,98,1100.4285714285713
95,99,1532.0
96,2,1839.0
96,3,1315.0
96,6,1048.0
96,8,666.1111111111111
96,12,1713.0
96,19,1031.0
96,21,1823.0
96,24,872.4814814814815
96,27,1911.0
96,28,874.6
96,35,1667.0
96,36,1509.0
96,38,1191.3333333333333
96,40,492.5
96,44,1793.0
96,45,2023.0
96,49,866.53125
96,50,1167.0
96,53,1092.0
96,54,1048.0
96,59,1022.0
96,66,1165.0
96,70,797.0
96,76,1328.0
96,77,938.7777777777778
96,78,1370.0
96,80,987.0
96,85,2078.0
96,86,1136.0
96,87,1881.0
96,88,1624.0
96,89,864.0
96,92,618.1111111111111
96,93,955.0
96,94,1242.0
96,95,697.0
96,96,470.42763157894734
96,98,1732.5
97,0,829.530474040632
97,2,948.7857142857143
97,3,1702.5037593984962
97,6,1478.4201183431953
97,7,513.5741341991342
97,8,1097.0827067669172
97,12,363.9872
97,13,1087.1460506706408
97,14,1061.075085324232
97,16,1627.6923076923076
97,19,1017.7568181818182
97,20,1773.0434782608695
97,21,816.1116279069768
97,22,1348.9026548672566
97,24,1800.6538461538462
97,25,348.4883116883117
97,26,1668.0483870967741
97,27,641.6373713380839
97,28,1717.5
97,30,1246.056338028169
97,31,1401.2769230769231
97,32,1493.4
97,34,1848.0588235294117
97,35,1020.1521739130435
97,36,549.1372549019608
97,38,971.219739292365
97,39,1451.338028169014
97,40,1253.8591549295775
97,44,823.0017452006981
97,45,1031.7857142857142
97,47,523.6773633998265
97,49,1614.3333333333333
97,50,399.7114142139268
97,51,615.7521459227468
97,53,1347.0576923076924
97,54,327.9404186795491
97,57,1722.5925925925926
97,59,1133.7435897435898
97,61,1342.1337209302326
97,62,863.4206549118388
97,63,730.2386464826358
97,64,1615.3333333333333
97,65,893.1002475247525
97,66,527.4726516052318
97,67,1594.0821917808219
97,68,1072.4903225806452
97,69,1355.5970873786407
97,70,1587.952380952381
97,71,1538.0
97,75,1617.3870967741937
97,76,1045.0254777070063
97,77,1248.9642857142858
97,78,1170.358851674641
97,79,1525.7464788732395
97,80,672.4615384615385
97,83,966.2906976744187
97,84,1959.0
97,85,427.3374613003096
97,86,669.780487804878
97,87,2009.0
97,88,1407.0276816608996
97,89,1206.230303030303
97,90,638.3348783314021
97,91,908.5736607142857
97,92,1410.553846153846
97,93,1058.5637583892617
97,94,496.01420454545456
97,95,1385.6625
97,96,1426.7045454545455
97,97,321.0891438658429
97,98,638.5241423125794
97,99,1641.952380952381
98,0,640.5148669796557
98,2,1350.7540983606557
98,3,1784.9333333333334
98,6,1626.5708154506437
98,7,487.380658436214
98,8,1033.9130434782608
98,12,896.7909238249595
98,13,1468.4352941176471
98,14,622.049356223176
98,16,1750.0714285714287
98,19,771.903345724907
98,20,1775.1267605633802
98,21,1319.4723756906078
98,22,1466.673076923077
98,24,1603.76
98,25,647.1316568047338
98,26,1745.076923076923
98,27,980.9460390355913
98,28,1518.3333333333333
98,30,907.5390946502058
98,31,1259.7288135593221
98,32,1902.0
98,34,1838.25
98,35,488.7889745109662
98,36,637.1514492753623
98,38,762.0010799136069
98,39,1650.4411764705883
98,40,1177.7441860465117
98,44,403.8008097165992
98,45,1021.2781954887218
98,47,1152.5555555555557
98,49,1288.514563106796
98,50,927.4771929824561
98,51,1076.868978805395
98,53,1384.6105263157895
98,54,1004.1612903225806
98,57,1798.2666666666667
98,59,1022.7467532467532
98,61,1543.6588235294118
98,62,581.8634146341464
98,63,442.4277493606138
98,64,959.0
98,65,1434.608024691358
98,66,526.5261394101876
98,67,1759.175
98,68,1424.1810865191146
98,69,1616.923076923077
98,70,1769.5
98,71,1618.3333333333333
98,75,1800.5
98,76,865.5401785714286
98,77,979.1378091872791
98,78,731.2561448900389
98,79,1670.6666666666667
98,80,581.6927083333334
98,83,679.356
98,85,730.0004835589942
98,86,684.9335378323109
98,88,1576.0934343434344
98,89,1065.2863436123348
98,90,1172.730375426621
98,91,397.00338164251207
98,92,1163.9320388349515
98,93,834.0683760683761
98,94,773.3428912783752
98,95,1104.497005988024
98,96,1424.8181818181818
98,97,792.1953271028037
98,98,306.5435651478817
98,99,1754.7777777777778
99,0,1804.0
99,2,1619.1666666666667
99,3,643.4571428571429
99,6,834.4
99,7,1425.25
99,8,1333.6666666666667
99,13,1801.5
99,16,1466.0
99,19,1714.5
99,22,1892.0
99,25,1226.0
99,26,1758.0
99,27,1699.5
99,28,1719.0
99,31,1212.3333333333333
99,32,685.0
99,34,1027.5
99,36,1878.0
99,38,1240.0
99,39,604.15
99,41,1608.5
99,44,1883.3333333333333
99,45,1382.0
99,47,1607.0
99,49,1585.0
99,50,1348.3333333333333
99,51,1596.6666666666667
99,53,1346.8333333333333
99,54,1392.3333333333333
99,59,1081.0
99,61,1066.0
99,62,1238.0
99,64,376.0
99,65,1211.0
99,66,1665.5
99,67,1548.5
99,68,1806.0
99,70,577.8
99,71,1916.0
99,76,1682.625
99,77,1690.0
99,78,1555.0
99,85,1425.0
99,87,978.2857142857143
99,88,727.0
99,90,1588.0
99,91,1919.0
99,93,1581.5
99,94,1630.0
99,95,1635.0
99,96,1370.0
99,97,1840.25
99,98,1861.3333333333333
99,99,522.5026455026455
